שם יישוב,סמל יישוב,צורת יישוב,type,סוג יישוב
JERUSALEM,3000,120,Cities,"יישובים יהודיים 500,000 תושבים ומעלה"
ASHDOD,70,130,Cities,"יישובים יהודיים 499,999-200,000 תושבים"
BE'ER SHEVA,9000,130,Cities,"יישובים יהודיים 499,999-200,000 תושבים"
BENE BERAQ,6100,130,Cities,"יישובים יהודיים 499,999-200,000 תושבים"
HAIFA,4000,130,Cities,"יישובים יהודיים 499,999-200,000 תושבים"
NETANYA,7400,130,Cities,"יישובים יהודיים 499,999-200,000 תושבים"
PETAH TIQWA,7900,130,Cities,"יישובים יהודיים 499,999-200,000 תושבים"
RISHON LEZIYYON,8300,130,Cities,"יישובים יהודיים 499,999-200,000 תושבים"
TEL AVIV - YAFO,5000,130,Cities,"יישובים יהודיים 499,999-200,000 תושבים"
ASHQELON,7100,140,Cities,"יישובים יהודיים 1999,999-100,000 תושבים"
BET SHEMESH,2610,140,Cities,"יישובים יהודיים 1999,999-100,000 תושבים"
BAT YAM,6200,140,Cities,"יישובים יהודיים 1999,999-100,000 תושבים"
HERZLIYYA,6400,140,Cities,"יישובים יהודיים 1999,999-100,000 תושבים"
HADERA,6500,140,Cities,"יישובים יהודיים 1999,999-100,000 תושבים"
HOLON,6600,140,Cities,"יישובים יהודיים 1999,999-100,000 תושבים"
MODI'IN-MAKKABBIM-RE'UT,1200,140,Cities,"יישובים יהודיים 1999,999-100,000 תושבים"
REHOVOT,8400,140,Cities,"יישובים יהודיים 1999,999-100,000 תושבים"
RAMAT GAN,8600,140,Cities,"יישובים יהודיים 1999,999-100,000 תושבים"
ELAT,2600,150,Cities,"יישובים יהודיים 99,999-50,000 תושבים"
EL'AD,1309,150,Cities,"יישובים יהודיים 99,999-50,000 תושבים"
BETAR ILLIT,3780,150,Cities,"יישובים יהודיים 99,999-50,000 תושבים"
GIV'ATAYIM,6300,150,Cities,"יישובים יהודיים 99,999-50,000 תושבים"
HOD HASHARON,9700,150,Cities,"יישובים יהודיים 99,999-50,000 תושבים"
TIBERIAS,6700,150,Cities,"יישובים יהודיים 99,999-50,000 תושבים"
YAVNE,2660,150,Cities,"יישובים יהודיים 99,999-50,000 תושבים"
KEFAR SAVA,6900,150,Cities,"יישובים יהודיים 99,999-50,000 תושבים"
LOD,7000,150,Cities,"יישובים יהודיים 99,999-50,000 תושבים"
MODI'IN ILLIT,3797,150,Cities,"יישובים יהודיים 99,999-50,000 תושבים"
NAHARIYYA,9100,150,Cities,"יישובים יהודיים 99,999-50,000 תושבים"
NETIVOT,246,150,Cities,"יישובים יהודיים 99,999-50,000 תושבים"
AKKO,7600,150,Cities,"יישובים יהודיים 99,999-50,000 תושבים"
AFULA,7700,150,Cities,"יישובים יהודיים 99,999-50,000 תושבים"
QIRYAT ATTA,6800,150,Cities,"יישובים יהודיים 99,999-50,000 תושבים"
QIRYAT GAT,2630,150,Cities,"יישובים יהודיים 99,999-50,000 תושבים"
QIRYAT MOTZKIN,8200,150,Cities,"יישובים יהודיים 99,999-50,000 תושבים"
ROSH HAAYIN,2640,150,Cities,"יישובים יהודיים 99,999-50,000 תושבים"
RAMLA,8500,150,Cities,"יישובים יהודיים 99,999-50,000 תושבים"
RA'ANNANA,8700,150,Cities,"יישובים יהודיים 99,999-50,000 תושבים"
OFAQIM,31,160,Cities,"יישובים יהודיים 49,999-20,000 תושבים"
OR YEHUDA,2400,160,Cities,"יישובים יהודיים 49,999-20,000 תושבים"
OR AQIVA,1020,160,Cities,"יישובים יהודיים 49,999-20,000 תושבים"
ARI'EL,3570,160,Cities,"יישובים יהודיים 49,999-20,000 תושבים"
BE'ER YA'AQOV,2530,160,Cities,"יישובים יהודיים 49,999-20,000 תושבים"
BET SHE'AN,9200,160,Cities,"יישובים יהודיים 49,999-20,000 תושבים"
GIV'AT ZE'EV,3730,160,Cities,"יישובים יהודיים 49,999-20,000 תושבים"
GIV'AT SHEMU'EL,681,160,Cities,"יישובים יהודיים 49,999-20,000 תושבים"
GEDERA,2550,160,Cities,"יישובים יהודיים 49,999-20,000 תושבים"
GAN YAVNE,166,160,Cities,"יישובים יהודיים 49,999-20,000 תושבים"
GANNE TIQWA,229,160,Cities,"יישובים יהודיים 49,999-20,000 תושבים"
DIMONA,2200,160,Cities,"יישובים יהודיים 49,999-20,000 תושבים"
ZIKHRON YA'AQOV,9300,160,Cities,"יישובים יהודיים 49,999-20,000 תושבים"
HARISH,1247,160,Cities,"יישובים יהודיים 49,999-20,000 תושבים"
TIRAT KARMEL,2100,160,Cities,"יישובים יהודיים 49,999-20,000 תושבים"
YEHUD-MONOSON,9400,160,Cities,"יישובים יהודיים 49,999-20,000 תושבים"
YOQNE'AM ILLIT,240,160,Cities,"יישובים יהודיים 49,999-20,000 תושבים"
KEFAR YONA,168,160,Cities,"יישובים יהודיים 49,999-20,000 תושבים"
KARMI'EL,1139,160,Cities,"יישובים יהודיים 49,999-20,000 תושבים"
MEVASSERET ZIYYON,1015,160,Cities,"יישובים יהודיים 49,999-20,000 תושבים"
MIGDAL HAEMEQ,874,160,Cities,"יישובים יהודיים 49,999-20,000 תושבים"
MA'ALE ADUMMIM,3616,160,Cities,"יישובים יהודיים 49,999-20,000 תושבים"
MA'ALOT-TARSHIHA,1063,160,Cities,"יישובים יהודיים 49,999-20,000 תושבים"
NOF HAGALIL,1061,160,Cities,"יישובים יהודיים 49,999-20,000 תושבים"
NES ZIYYONA,7200,160,Cities,"יישובים יהודיים 49,999-20,000 תושבים"
NESHER,2500,160,Cities,"יישובים יהודיים 49,999-20,000 תושבים"
ARAD,2560,160,Cities,"יישובים יהודיים 49,999-20,000 תושבים"
PARDES HANNA-KARKUR,7800,160,Cities,"יישובים יהודיים 49,999-20,000 תושבים"
ZEFAT,8000,160,Cities,"יישובים יהודיים 49,999-20,000 תושבים"
QADIMA-ZORAN,195,160,Cities,"יישובים יהודיים 49,999-20,000 תושבים"
QIRYAT ONO,2620,160,Cities,"יישובים יהודיים 49,999-20,000 תושבים"
QIRYAT BIALIK,9500,160,Cities,"יישובים יהודיים 49,999-20,000 תושבים"
QIRYAT YAM,9600,160,Cities,"יישובים יהודיים 49,999-20,000 תושבים"
QIRYAT MAL'AKHI,1034,160,Cities,"יישובים יהודיים 49,999-20,000 תושבים"
QIRYAT SHEMONA,2800,160,Cities,"יישובים יהודיים 49,999-20,000 תושבים"
RAMAT HASHARON,2650,160,Cities,"יישובים יהודיים 49,999-20,000 תושבים"
SEDEROT,1031,160,Cities,"יישובים יהודיים 49,999-20,000 תושבים"
SHOHAM,1304,160,Cities,"יישובים יהודיים 49,999-20,000 תושבים"
EVEN YEHUDA,182,170,Cities,"יישובים יהודיים 19,999-10,000 תושבים"
ORANIT,3760,170,Cities,"יישובים יהודיים 19,999-10,000 תושבים"
AZOR,565,170,Cities,"יישובים יהודיים 19,999-10,000 תושבים"
EFRAT,3650,170,Cities,"יישובים יהודיים 19,999-10,000 תושבים"
BINYAMINA-GIV'AT ADA,9800,170,Cities,"יישובים יהודיים 19,999-10,000 תושבים"
HAZOR HAGELILIT,2034,170,Cities,"יישובים יהודיים 19,999-10,000 תושבים"
YEROHAM,831,170,Cities,"יישובים יהודיים 19,999-10,000 תושבים"
MAZKERET BATYA,28,170,Cities,"יישובים יהודיים 19,999-10,000 תושבים"
METAR,1268,170,Cities,"יישובים יהודיים 19,999-10,000 תושבים"
ATLIT,53,170,Cities,"יישובים יהודיים 19,999-10,000 תושבים"
ZUR HADASSA,1113,170,Cities,"יישובים יהודיים 19,999-10,000 תושבים"
QIRYAT TIV'ON,2300,170,Cities,"יישובים יהודיים 19,999-10,000 תושבים"
QIRYAT EQRON,469,170,Cities,"יישובים יהודיים 19,999-10,000 תושבים"
QARNE SHOMERON,3640,170,Cities,"יישובים יהודיים 19,999-10,000 תושבים"
REKHASIM,922,170,Cities,"יישובים יהודיים 19,999-10,000 תושבים"
TEL MOND,154,170,Cities,"יישובים יהודיים 19,999-10,000 תושבים"
ALFE MENASHE,3750,180,Cities,"יישובים יהודיים 9,999-5,000 תושבים"
BET EL,3574,180,Cities,"יישובים יהודיים 9,999-5,000 תושבים"
BET ARYE-OFARIM,3652,180,Cities,"יישובים יהודיים 9,999-5,000 תושבים"
BET DAGAN,466,180,Cities,"יישובים יהודיים 9,999-5,000 תושבים"
BENE AYISH,1066,180,Cities,"יישובים יהודיים 9,999-5,000 תושבים"
GEVA BINYAMIN,3763,180,Cities,"יישובים יהודיים 9,999-5,000 תושבים"
TALMON,3788,180,Cities,"יישובים יהודיים 9,999-5,000 תושבים"
KOKHAV YA'IR,1224,180,Cities,"יישובים יהודיים 9,999-5,000 תושבים"
KEFAR ADUMMIM,3638,180,Cities,"יישובים יהודיים 9,999-5,000 תושבים"
KEFAR WERADIM,1263,180,Cities,"יישובים יהודיים 9,999-5,000 תושבים"
KEFAR HABAD,696,180,Cities,"יישובים יהודיים 9,999-5,000 תושבים"
LEHAVIM,1271,180,Cities,"יישובים יהודיים 9,999-5,000 תושבים"
MIZPE RAMON,99,180,Cities,"יישובים יהודיים 9,999-5,000 תושבים"
OMER,666,180,Cities,"יישובים יהודיים 9,999-5,000 תושבים"
ALE ZAHAV,3727,180,Cities,"יישובים יהודיים 9,999-5,000 תושבים"
IMMANU'EL,3660,180,Cities,"יישובים יהודיים 9,999-5,000 תושבים"
PARDESIYYA,171,180,Cities,"יישובים יהודיים 9,999-5,000 תושבים"
ZUR YIZHAQ,1345,180,Cities,"יישובים יהודיים 9,999-5,000 תושבים"
QESARYYA,1167,180,Cities,"יישובים יהודיים 9,999-5,000 תושבים"
QAZRIN,4100,180,Cities,"יישובים יהודיים 9,999-5,000 תושבים"
QIRYAT ARBA,3611,180,Cities,"יישובים יהודיים 9,999-5,000 תושבים"
QIRYAT YE'ARIM,1137,180,Cities,"יישובים יהודיים 9,999-5,000 תושבים"
RAMAT YISHAY,122,180,Cities,"יישובים יהודיים 9,999-5,000 תושבים"
SHILO,3641,180,Cities,"יישובים יהודיים 9,999-5,000 תושבים"
SHELOMI,812,180,Cities,"יישובים יהודיים 9,999-5,000 תושבים"
SHA'AR SHOMRON,3826,180,Cities,"יישובים יהודיים 9,999-5,000 תושבים"
TEL TSIYON,3815,180,Cities,"יישובים יהודיים 9,999-5,000 תושבים"
EVEN SHEMU'EL,400,190,Cities,"יישובים יהודיים 4,999-2,000 תושבים"
AVNE HEFEZ,3793,190,Cities,"יישובים יהודיים 4,999-2,000 תושבים"
AHUZZAT BARAQ,1330,190,Cities,"יישובים יהודיים 4,999-2,000 תושבים"
ELON MORE,3579,190,Cities,"יישובים יהודיים 4,999-2,000 תושבים"
ALLON SHEVUT,3604,190,Cities,"יישובים יהודיים 4,999-2,000 תושבים"
ELYAKHIN,41,190,Cities,"יישובים יהודיים 4,999-2,000 תושבים"
EL'AZAR,3618,190,Cities,"יישובים יהודיים 4,999-2,000 תושבים"
ELQANA,3560,190,Cities,"יישובים יהודיים 4,999-2,000 תושבים"
BE'ER GANNIM,1376,190,Cities,"יישובים יהודיים 4,999-2,000 תושבים"
BET HASHMONAY,1050,190,Cities,"יישובים יהודיים 4,999-2,000 תושבים"
BRUKHIN,3744,190,Cities,"יישובים יהודיים 4,999-2,000 תושבים"
BERAKHA,3710,190,Cities,"יישובים יהודיים 4,999-2,000 תושבים"
BARQAN,3654,190,Cities,"יישובים יהודיים 4,999-2,000 תושבים"
BAT HEFER,1319,190,Cities,"יישובים יהודיים 4,999-2,000 תושבים"
BAT AYIN,3794,190,Cities,"יישובים יהודיים 4,999-2,000 תושבים"
GIV'AT AVNI,1293,190,Cities,"יישובים יהודיים 4,999-2,000 תושבים"
GAN NER,1274,190,Cities,"יישובים יהודיים 4,999-2,000 תושבים"
GANNE MODI'IN,3823,190,Cities,"יישובים יהודיים 4,999-2,000 תושבים"
HOSHA'AYA,1186,190,Cities,"יישובים יהודיים 4,999-2,000 תושבים"
HAR ADAR,3769,190,Cities,"יישובים יהודיים 4,999-2,000 תושבים"
HASHMONA'IM,3770,190,Cities,"יישובים יהודיים 4,999-2,000 תושבים"
YAVNE'EL,46,190,Cities,"יישובים יהודיים 4,999-2,000 תושבים"
YAD BINYAMIN,577,190,Cities,"יישובים יהודיים 4,999-2,000 תושבים"
YIZHAR,3749,190,Cities,"יישובים יהודיים 4,999-2,000 תושבים"
YAQIR,3647,190,Cities,"יישובים יהודיים 4,999-2,000 תושבים"
KOKHAV HASHAHAR,3564,190,Cities,"יישובים יהודיים 4,999-2,000 תושבים"
KOKHAV YA'AQOV,3779,190,Cities,"יישובים יהודיים 4,999-2,000 תושבים"
KEFAR HAORANIM,3796,190,Cities,"יישובים יהודיים 4,999-2,000 תושבים"
KEFAR TAVOR,47,190,Cities,"יישובים יהודיים 4,999-2,000 תושבים"
LAPPID,1310,190,Cities,"יישובים יהודיים 4,999-2,000 תושבים"
MIGDAL,65,190,Cities,"יישובים יהודיים 4,999-2,000 תושבים"
METULA,43,190,Cities,"יישובים יהודיים 4,999-2,000 תושבים"
MA'ALE MIKHMAS,3651,190,Cities,"יישובים יהודיים 4,999-2,000 תושבים"
MIZPE YERIHO,3576,190,Cities,"יישובים יהודיים 4,999-2,000 תושבים"
MERKAZ SHAPPIRA,1098,190,Cities,"יישובים יהודיים 4,999-2,000 תושבים"
MATTAN,1315,190,Cities,"יישובים יהודיים 4,999-2,000 תושבים"
NEWE DANIYYEL,3725,190,Cities,"יישובים יהודיים 4,999-2,000 תושבים"
NOFIT,1284,190,Cities,"יישובים יהודיים 4,999-2,000 תושבים"
NOQEDIM,3726,190,Cities,"יישובים יהודיים 4,999-2,000 תושבים"
NILI,3655,190,Cities,"יישובים יהודיים 4,999-2,000 תושבים"
NIZZAN,351,190,Cities,"יישובים יהודיים 4,999-2,000 תושבים"
NA'ALE,3787,190,Cities,"יישובים יהודיים 4,999-2,000 תושבים"
SAVYON,587,190,Cities,"יישובים יהודיים 4,999-2,000 תושבים"
ELI,3765,190,Cities,"יישובים יהודיים 4,999-2,000 תושבים"
OFRA,3617,190,Cities,"יישובים יהודיים 4,999-2,000 תושבים"
PEDU'EL,3768,190,Cities,"יישובים יהודיים 4,999-2,000 תושבים"
PESAGOT,3659,190,Cities,"יישובים יהודיים 4,999-2,000 תושבים"
ZUFIM,3791,190,Cities,"יישובים יהודיים 4,999-2,000 תושבים"
ZUR MOSHE,276,190,Cities,"יישובים יהודיים 4,999-2,000 תושבים"
QEDUMIM,3557,190,Cities,"יישובים יהודיים 4,999-2,000 תושבים"
QAZIR,1243,190,Cities,"יישובים יהודיים 4,999-2,000 תושבים"
ROSH PINNA,26,190,Cities,"יישובים יהודיים 4,999-2,000 תושבים"
REVAVA,3795,190,Cities,"יישובים יהודיים 4,999-2,000 תושבים"
SHIMSHIT,1337,190,Cities,"יישובים יהודיים 4,999-2,000 תושבים"
TEQOA,3563,190,Cities,"יישובים יהודיים 4,999-2,000 תושבים"
AHI'EZER,797,191,Moshavim,"מושבים 4,999-2,000 תושבים"
BET YIZHAQ-SH. HEFER,326,191,Moshavim,"מושבים 4,999-2,000 תושבים"
BAREQET,2038,191,Moshavim,"מושבים 4,999-2,000 תושבים"
KEFAR VITKIN,190,191,Moshavim,"מושבים 4,999-2,000 תושבים"
SHA'AR EFRAYIM,661,191,Moshavim,"מושבים 4,999-2,000 תושבים"
SHETULIM,763,191,Moshavim,"מושבים 4,999-2,000 תושבים"
TIFRAH,709,191,Moshavim,"מושבים 4,999-2,000 תושבים"
MEVO HORON,3709,192,Moshavim,"מושבים שיתופיים 4,999-2,000 תושבים"
NORDIYYA,447,192,Moshavim,"מושבים שיתופיים 4,999-2,000 תושבים"
GIV'AT BRENNER,147,193,Kibbutzim,"קיבוצים 4,999-2,000 תושבים"
MA'AGAN MIKHA'EL,694,193,Kibbutzim,"קיבוצים 4,999-2,000 תושבים"
UMM AL-FAHM,2710,250,Arab/Non-Jewish,"יישובים לא יהודיים 99,999-50,000 תושבים"
NAZARETH,7300,250,Arab/Non-Jewish,"יישובים לא יהודיים 99,999-50,000 תושבים"
RAHAT,1161,250,Arab/Non-Jewish,"יישובים לא יהודיים 99,999-50,000 תושבים"
BAQA AL-GHARBIYYE,6000,260,Arab/Non-Jewish,"יישובים לא יהודיים 49,999-20,000 תושבים"
JUDEIDE-MAKER,1292,260,Arab/Non-Jewish,"יישובים לא יהודיים 49,999-20,000 תושבים"
HURA,1303,260,Arab/Non-Jewish,"יישובים לא יהודיים 49,999-20,000 תושבים"
TAYIBE,2730,260,Arab/Non-Jewish,"יישובים לא יהודיים 49,999-20,000 תושבים"
TIRE,2720,260,Arab/Non-Jewish,"יישובים לא יהודיים 49,999-20,000 תושבים"
TAMRA,8900,260,Arab/Non-Jewish,"יישובים לא יהודיים 49,999-20,000 תושבים"
KUSEIFE,1059,260,Arab/Non-Jewish,"יישובים לא יהודיים 49,999-20,000 תושבים"
KAFAR KANNA,509,260,Arab/Non-Jewish,"יישובים לא יהודיים 49,999-20,000 תושבים"
KAFAR MANDA,510,260,Arab/Non-Jewish,"יישובים לא יהודיים 49,999-20,000 תושבים"
KAFAR QASEM,634,260,Arab/Non-Jewish,"יישובים לא יהודיים 49,999-20,000 תושבים"
KAFAR QARA,654,260,Arab/Non-Jewish,"יישובים לא יהודיים 49,999-20,000 תושבים"
MUGHAR,481,260,Arab/Non-Jewish,"יישובים לא יהודיים 49,999-20,000 תושבים"
SAKHNIN,7500,260,Arab/Non-Jewish,"יישובים לא יהודיים 49,999-20,000 תושבים"
ARRABE,531,260,Arab/Non-Jewish,"יישובים לא יהודיים 49,999-20,000 תושבים"
AR'ARA,637,260,Arab/Non-Jewish,"יישובים לא יהודיים 49,999-20,000 תושבים"
AR'ARA-BANEGEV,1192,260,Arab/Non-Jewish,"יישובים לא יהודיים 49,999-20,000 תושבים"
QALANSAWE,638,260,Arab/Non-Jewish,"יישובים לא יהודיים 49,999-20,000 תושבים"
REINE,542,260,Arab/Non-Jewish,"יישובים לא יהודיים 49,999-20,000 תושבים"
SHEFAR'AM,8800,260,Arab/Non-Jewish,"יישובים לא יהודיים 49,999-20,000 תושבים"
TEL SHEVA,1054,260,Arab/Non-Jewish,"יישובים לא יהודיים 49,999-20,000 תושבים"
ABU SINAN,473,270,Arab/Non-Jewish,"יישובים לא יהודיים 19,999-10,000 תושבים"
IKSAL,478,270,Arab/Non-Jewish,"יישובים לא יהודיים 19,999-10,000 תושבים"
I'BILLIN,529,270,Arab/Non-Jewish,"יישובים לא יהודיים 19,999-10,000 תושבים"
BU'EINE-NUJEIDAT,482,270,Arab/Non-Jewish,"יישובים לא יהודיים 19,999-10,000 תושבים"
BIR EL-MAKSUR,998,270,Arab/Non-Jewish,"יישובים לא יהודיים 19,999-10,000 תושבים"
BEIT JANN,480,270,Arab/Non-Jewish,"יישובים לא יהודיים 19,999-10,000 תושבים"
BASMA,1326,270,Arab/Non-Jewish,"יישובים לא יהודיים 19,999-10,000 תושבים"
JALJULYE,627,270,Arab/Non-Jewish,"יישובים לא יהודיים 19,999-10,000 תושבים"
JISR AZ-ZARQA,541,270,Arab/Non-Jewish,"יישובים לא יהודיים 19,999-10,000 תושבים"
JATT,628,270,Arab/Non-Jewish,"יישובים לא יהודיים 19,999-10,000 תושבים"
DALIYAT AL-KARMEL,494,270,Arab/Non-Jewish,"יישובים לא יהודיים 19,999-10,000 תושבים"
DABURIYYA,489,270,Arab/Non-Jewish,"יישובים לא יהודיים 19,999-10,000 תושבים"
DEIR AL-ASAD,490,270,Arab/Non-Jewish,"יישובים לא יהודיים 19,999-10,000 תושבים"
DEIR HANNA,492,270,Arab/Non-Jewish,"יישובים לא יהודיים 19,999-10,000 תושבים"
TUR'AN,498,270,Arab/Non-Jewish,"יישובים לא יהודיים 19,999-10,000 תושבים"
YAFI,499,270,Arab/Non-Jewish,"יישובים לא יהודיים 19,999-10,000 תושבים"
YIRKA,502,270,Arab/Non-Jewish,"יישובים לא יהודיים 19,999-10,000 תושבים"
KABUL,504,270,Arab/Non-Jewish,"יישובים לא יהודיים 19,999-10,000 תושבים"
KAFAR YASIF,507,270,Arab/Non-Jewish,"יישובים לא יהודיים 19,999-10,000 תושבים"
LAQYE,1060,270,Arab/Non-Jewish,"יישובים לא יהודיים 19,999-10,000 תושבים"
MAJD AL-KURUM,516,270,Arab/Non-Jewish,"יישובים לא יהודיים 19,999-10,000 תושבים"
MAJDAL SHAMS,4201,270,Arab/Non-Jewish,"יישובים לא יהודיים 19,999-10,000 תושבים"
MA'ALE IRON,1327,270,Arab/Non-Jewish,"יישובים לא יהודיים 19,999-10,000 תושבים"
NAHEF,522,270,Arab/Non-Jewish,"יישובים לא יהודיים 19,999-10,000 תושבים"
EIN MAHEL,532,270,Arab/Non-Jewish,"יישובים לא יהודיים 19,999-10,000 תושבים"
ISIFYA,534,270,Arab/Non-Jewish,"יישובים לא יהודיים 19,999-10,000 תושבים"
FUREIDIS,537,270,Arab/Non-Jewish,"יישובים לא יהודיים 19,999-10,000 תושבים"
SEGEV-SHALOM,1286,270,Arab/Non-Jewish,"יישובים לא יהודיים 19,999-10,000 תושבים"
ABU GHOSH,472,280,Arab/Non-Jewish,"יישובים לא יהודיים 9,999-5,000 תושבים"
ABU TULUL,1375,280,Arab/Non-Jewish,"יישובים לא יהודיים 9,999-5,000 תושבים"
UMM BATIN,1358,280,Arab/Non-Jewish,"יישובים לא יהודיים 9,999-5,000 תושבים"
AL SAYYID,1359,280,Arab/Non-Jewish,"יישובים לא יהודיים 9,999-5,000 תושבים"
BUQ'ATA,4001,280,Arab/Non-Jewish,"יישובים לא יהודיים 9,999-5,000 תושבים"
BASMAT TAB'UN,944,280,Arab/Non-Jewish,"יישובים לא יהודיים 9,999-5,000 תושבים"
BI'NE,483,280,Arab/Non-Jewish,"יישובים לא יהודיים 9,999-5,000 תושבים"
JULIS,485,280,Arab/Non-Jewish,"יישובים לא יהודיים 9,999-5,000 תושבים"
ZEMER,1290,280,Arab/Non-Jewish,"יישובים לא יהודיים 9,999-5,000 תושבים"
ZARZIR,975,280,Arab/Non-Jewish,"יישובים לא יהודיים 9,999-5,000 תושבים"
HURFEISH,496,280,Arab/Non-Jewish,"יישובים לא יהודיים 9,999-5,000 תושבים"
TUBA-ZANGARIYYE,962,280,Arab/Non-Jewish,"יישובים לא יהודיים 9,999-5,000 תושבים"
YANUH-JAT,1295,280,Arab/Non-Jewish,"יישובים לא יהודיים 9,999-5,000 תושבים"
KISRA-SUMEI,1296,280,Arab/Non-Jewish,"יישובים לא יהודיים 9,999-5,000 תושבים"
KA'ABIYYE-TABBASH-HAJAJRE,978,280,Arab/Non-Jewish,"יישובים לא יהודיים 9,999-5,000 תושבים"
MESHHED,520,280,Arab/Non-Jewish,"יישובים לא יהודיים 9,999-5,000 תושבים"
SA'WA,1360,280,Arab/Non-Jewish,"יישובים לא יהודיים 9,999-5,000 תושבים"
EILABUN,530,280,Arab/Non-Jewish,"יישובים לא יהודיים 9,999-5,000 תושבים"
ILUT,511,280,Arab/Non-Jewish,"יישובים לא יהודיים 9,999-5,000 תושבים"
PEQI'IN (BUQEI'A),536,280,Arab/Non-Jewish,"יישובים לא יהודיים 9,999-5,000 תושבים"
RAME,543,280,Arab/Non-Jewish,"יישובים לא יהודיים 9,999-5,000 תושבים"
SHIBLI-UMM AL-GHANAM,913,280,Arab/Non-Jewish,"יישובים לא יהודיים 9,999-5,000 תושבים"
SHA'AB,538,280,Arab/Non-Jewish,"יישובים לא יהודיים 9,999-5,000 תושבים"
ABU QUREINAT,1342,290,Arab/Non-Jewish,"יישובים לא יהודיים 4,999-2,000 תושבים"
IBTIN,652,290,Arab/Non-Jewish,"יישובים לא יהודיים 4,999-2,000 תושבים"
BIR HADAGE,1348,290,Arab/Non-Jewish,"יישובים לא יהודיים 4,999-2,000 תושבים"
JISH(GUSH HALAV),487,290,Arab/Non-Jewish,"יישובים לא יהודיים 4,999-2,000 תושבים"
TAYIBE(BAEMEQ),497,290,Arab/Non-Jewish,"יישובים לא יהודיים 4,999-2,000 תושבים"
KAOKAB ABU AL-HIJA,505,290,Arab/Non-Jewish,"יישובים לא יהודיים 4,999-2,000 תושבים"
KAFAR BARA,633,290,Arab/Non-Jewish,"יישובים לא יהודיים 4,999-2,000 תושבים"
KAFAR KAMA,508,290,Arab/Non-Jewish,"יישובים לא יהודיים 4,999-2,000 תושבים"
KAFAR MISR,512,290,Arab/Non-Jewish,"יישובים לא יהודיים 4,999-2,000 תושבים"
MUQEIBLE,635,290,Arab/Non-Jewish,"יישובים לא יהודיים 4,999-2,000 תושבים"
MAZRA'A,517,290,Arab/Non-Jewish,"יישובים לא יהודיים 4,999-2,000 תושבים"
MAKCHUL,1343,290,Arab/Non-Jewish,"יישובים לא יהודיים 4,999-2,000 תושבים"
MAS'ADE,4203,290,Arab/Non-Jewish,"יישובים לא יהודיים 4,999-2,000 תושבים"
MI'ELYA,518,290,Arab/Non-Jewish,"יישובים לא יהודיים 4,999-2,000 תושבים"
NA'URA,524,290,Arab/Non-Jewish,"יישובים לא יהודיים 4,999-2,000 תושבים"
NEIN,523,290,Arab/Non-Jewish,"יישובים לא יהודיים 4,999-2,000 תושבים"
SAJUR,525,290,Arab/Non-Jewish,"יישובים לא יהודיים 4,999-2,000 תושבים"
SULAM,526,290,Arab/Non-Jewish,"יישובים לא יהודיים 4,999-2,000 תושבים"
SALLAMA,1245,290,Arab/Non-Jewish,"יישובים לא יהודיים 4,999-2,000 תושבים"
GHAJAR,4501,290,Arab/Non-Jewish,"יישובים לא יהודיים 4,999-2,000 תושבים"
UZEIR,528,290,Arab/Non-Jewish,"יישובים לא יהודיים 4,999-2,000 תושבים"
EIN NAQQUBA,521,290,Arab/Non-Jewish,"יישובים לא יהודיים 4,999-2,000 תושבים"
EIN QINIYYE,4502,290,Arab/Non-Jewish,"יישובים לא יהודיים 4,999-2,000 תושבים"
FASSUTA,535,290,Arab/Non-Jewish,"יישובים לא יהודיים 4,999-2,000 תושבים"
QASR A-SIR,1347,290,Arab/Non-Jewish,"יישובים לא יהודיים 4,999-2,000 תושבים"
RUMAT HEIB,997,290,Arab/Non-Jewish,"יישובים לא יהודיים 4,999-2,000 תושבים"
SHEIKH DANNUN,658,290,Arab/Non-Jewish,"יישובים לא יהודיים 4,999-2,000 תושבים"
KEFAR BIALIK,220,310,Moshavim,מושבים
KEFAR SIRKIN,249,310,Moshavim,מושבים
NATUR,4014,310,Moshavim,מושבים
SHAVE DAROM,1377,310,Moshavim,מושבים
AVIVIM,1115,310,Moshavim,מושבים
AVIGEDOR,819,310,Moshavim,מושבים
AVIHAYIL,175,310,Moshavim,מושבים
AVITAL,2052,310,Moshavim,מושבים
EVEN MENAHEM,1081,310,Moshavim,מושבים
EVEN SAPPIR,783,310,Moshavim,מושבים
ADDIRIM,113,310,Moshavim,מושבים
ADDERET,1123,310,Moshavim,מושבים
OHAD,1046,310,Moshavim,מושבים
OMEZ,680,310,Moshavim,מושבים
ORA,780,310,Moshavim,מושבים
OROT,2012,310,Moshavim,מושבים
AHIHUD,785,310,Moshavim,מושבים
AHITUV,850,310,Moshavim,מושבים
AHISAMAKH,804,310,Moshavim,מושבים
ALLON HAGALIL,1182,310,Moshavim,מושבים
ELI-AD,4002,310,Moshavim,מושבים
ELIFELET,730,310,Moshavim,מושבים
ELYAQIM,682,310,Moshavim,מושבים
ELISHAMA,841,310,Moshavim,מושבים
ALMAGOR,1125,310,Moshavim,מושבים
ELQOSH,603,310,Moshavim,מושבים
EMUNIM,772,310,Moshavim,מושבים
AMIRIM,1064,310,Moshavim,מושבים
ANI'AM,4012,310,Moshavim,מושבים
ARBEL,701,310,Moshavim,מושבים
ESHBOL,71,310,Moshavim,מושבים
ESHTA'OL,740,310,Moshavim,מושבים
BE'ER TOVIYYA,155,310,Moshavim,מושבים
BE'ER MILKA,1278,310,Moshavim,מושבים
BE'EROTAYIM,697,310,Moshavim,מושבים
BURGETA,698,310,Moshavim,מושבים
BITHA,762,310,Moshavim,מושבים
BIZZARON,234,310,Moshavim,מושבים
BET EL'AZARI,562,310,Moshavim,מושבים
BET HALEWI,373,310,Moshavim,מושבים
BET HILLEL,322,310,Moshavim,מושבים
BET ZAYIT,710,310,Moshavim,מושבים
BET HANAN,159,310,Moshavim,מושבים
BET HANANYA,800,310,Moshavim,מושבים
BET YOSEF,265,310,Moshavim,מושבים
BET LEHEM HAGELILIT,430,310,Moshavim,מושבים
BET NEQOFA,672,310,Moshavim,מושבים
BET OVED,202,310,Moshavim,מושבים
BET EZRA,756,310,Moshavim,מושבים
BET ARIF,604,310,Moshavim,מושבים
BET SHE'ARIM,248,310,Moshavim,מושבים
BET SHIQMA,747,310,Moshavim,מושבים
BALFURYA,94,310,Moshavim,מושבים
BEN AMMI,712,310,Moshavim,מושבים
BEN SHEMEN (MOSHAV),2013,310,Moshavim,מושבים
BENE ATAROT,448,310,Moshavim,מושבים
BENAYA,685,310,Moshavim,מושבים
BEZET,589,310,Moshavim,מושבים
BEQOA,864,310,Moshavim,מושבים
BEROSH,2060,310,Moshavim,מושבים
BEREKHYA,746,310,Moshavim,מושבים
BARAQ,141,310,Moshavim,מושבים
GE'ULIM,379,310,Moshavim,מושבים
GE'ALYA,853,310,Moshavim,מושבים
GEVA KARMEL,683,310,Moshavim,מושבים
GIV'AT HEN,207,310,Moshavim,מושבים
GIV'AT YO'AV,4021,310,Moshavim,מושבים
GIV'AT YE'ARIM,787,310,Moshavim,מושבים
GIV'AT KOAH,802,310,Moshavim,מושבים
GIV'ATI,793,310,Moshavim,מושבים
GADISH,145,310,Moshavim,מושבים
GOREN,755,310,Moshavim,מושבים
GE'A,706,310,Moshavim,מושבים
GILAT,736,310,Moshavim,מושבים
GINNATON,863,310,Moshavim,מושבים
GAN HAYYIM,239,310,Moshavim,מושבים
GAN YOSHIYYA,734,310,Moshavim,מושבים
GAN SOREQ,311,310,Moshavim,מושבים
GANNE YOHANAN,862,310,Moshavim,מושבים
DEVORA,146,310,Moshavim,מושבים
DOVEV,1067,310,Moshavim,מושבים
DOR,738,310,Moshavim,מושבים
HODIYYA,726,310,Moshavim,מושבים
HAYOGEV,684,310,Moshavim,מושבים
ZETAN,788,310,Moshavim,מושבים
ZEKHARYA,799,310,Moshavim,מושבים
HAGOR,717,310,Moshavim,מושבים
HOGLA,205,310,Moshavim,מושבים
HERUT,162,310,Moshavim,מושבים
HELEZ,820,310,Moshavim,מושבים
HANNI'EL,807,310,Moshavim,מושבים
HAZAV,700,310,Moshavim,מושבים
HAZEVA,13,310,Moshavim,מושבים
TAL SHAHAR,462,310,Moshavim,מושבים
YAGEL,798,310,Moshavim,מושבים
YUVAL,2009,310,Moshavim,מושבים
YAKHINI,811,310,Moshavim,מושבים
YANUV,753,310,Moshavim,מושבים
YINNON,2011,310,Moshavim,מושבים
YA'AD,1138,310,Moshavim,מושבים
YA'ARA,795,310,Moshavim,מושבים
YAFIT,3566,310,Moshavim,מושבים
YAZIZ,759,310,Moshavim,מושבים
YARDENA,2026,310,Moshavim,מושבים
YARHIV,718,310,Moshavim,מושבים
YARQONA,183,310,Moshavim,מושבים
YESHA,916,310,Moshavim,מושבים
YASHRESH,828,310,Moshavim,מושבים
YATED,1227,310,Moshavim,מושבים
KOKHAV MIKHA'EL,824,310,Moshavim,מושבים
KAHAL,1210,310,Moshavim,מושבים
KEMEHIN,1291,310,Moshavim,מושבים
KANAF,4028,310,Moshavim,מושבים
KEFAR URIYYA,364,310,Moshavim,מושבים
KEFAR AHIM,690,310,Moshavim,מושבים
KEFAR BILU,177,310,Moshavim,מושבים
KEFAR BARUKH,132,310,Moshavim,מושבים
KEFAR HANAGID,582,310,Moshavim,מושבים
KEFAR HESS,187,310,Moshavim,מושבים
KEFAR WARBURG,320,310,Moshavim,מושבים
KEFAR ZETIM,786,310,Moshavim,מושבים
KEFAR HOSHEN,609,310,Moshavim,מושבים
KEFAR HAYYIM,193,310,Moshavim,מושבים
KEFAR TRUMAN,673,310,Moshavim,מושבים
KEFAR YEDIDYA,233,310,Moshavim,מושבים
KEFAR YEHOSHUA,140,310,Moshavim,מושבים
KEFAR YEHEZQEL,85,310,Moshavim,מושבים
KEFAR MONASH,387,310,Moshavim,מושבים
KEFAR MALAL,98,310,Moshavim,מושבים
KEFAR KISCH,388,310,Moshavim,מושבים
KEFAR ROZENWALD(ZARIT),1130,310,Moshavim,מושבים
KEFAR RUT,1166,310,Moshavim,מושבים
KEREM MAHARAL,580,310,Moshavim,מושבים
LIVNIM,1230,310,Moshavim,מושבים
LUZIT,52,310,Moshavim,מושבים
LIMAN,674,310,Moshavim,מושבים
LAKHISH,24,310,Moshavim,מושבים
LAPPIDOT,1173,310,Moshavim,מושבים
MA'OR,2055,310,Moshavim,מושבים
MIVTAHIM,829,310,Moshavim,מושבים
MEGADIM,689,310,Moshavim,מושבים
MAGEN SHA'UL,1155,310,Moshavim,מושבים
MIDRAKH OZ,2029,310,Moshavim,מושבים
MAZOR,606,310,Moshavim,מושבים
MATTA,822,310,Moshavim,מושבים
METAV,2054,310,Moshavim,מושבים
MIKHMORET,382,310,Moshavim,מושבים
MELE'A,164,310,Moshavim,מושבים
MENUHA,2030,310,Moshavim,מושבים
MANOT,1205,310,Moshavim,מושבים
MESILLAT ZIYYON,742,310,Moshavim,מושבים
MASLUL,748,310,Moshavim,מושבים
ME'ONA,570,310,Moshavim,מושבים
MA'ALE GAMLA,4008,310,Moshavim,מושבים
MA'AS,230,310,Moshavim,מושבים
MAZLIAH,757,310,Moshavim,מושבים
MARGALIYYOT,843,310,Moshavim,מושבים
MERHAVYA(MOSHAV),97,310,Moshavim,מושבים
MISHMAR AYYALON,670,310,Moshavim,מושבים
MISHMERET,425,310,Moshavim,מושבים
MASH'EN,791,310,Moshavim,מושבים
NEVATIM,396,310,Moshavim,מושבים
NAHALAL,80,310,Moshavim,מושבים
NOGAH,55,310,Moshavim,מושבים
NEWE YAMIN,686,310,Moshavim,מושבים
NEWE YARAQ,858,310,Moshavim,מושבים
NEWE MIVTAH,827,310,Moshavim,מושבים
NAHALA,2045,310,Moshavim,מושבים
NETU'A,1147,310,Moshavim,מושבים
NETA'IM,174,310,Moshavim,מושבים
NIZZANE SINAY,1280,310,Moshavim,מושבים
NIZZANE OZ,851,310,Moshavim,מושבים
NIR BANIM,553,310,Moshavim,מושבים
NIR HEN,11,310,Moshavim,מושבים
NIR YAFE,165,310,Moshavim,מושבים
NIR MOSHE,2047,310,Moshavim,מושבים
NIR AQIVA,2048,310,Moshavim,מושבים
NES HARIM,825,310,Moshavim,מושבים
NA'AMA,3713,310,Moshavim,מושבים
NETIV HAGEDUD,3555,310,Moshavim,מושבים
NETIV HAASARA,1242,310,Moshavim,מושבים
NETIV HASHAYYARA,792,310,Moshavim,מושבים
SEGULLA,2046,310,Moshavim,מושבים
SITRIYYA,610,310,Moshavim,מושבים
AVDON,892,310,Moshavim,מושבים
AGUR,794,310,Moshavim,מושבים
ADANIM,2035,310,Moshavim,מושבים
OLESH,737,310,Moshavim,מושבים
OFER,810,310,Moshavim,מושבים
OZEM,32,310,Moshavim,מושבים
AZARYA,711,310,Moshavim,מושבים
AZRIQAM,817,310,Moshavim,מושבים
IDDAN,1175,310,Moshavim,מושבים
EN AYYALA,687,310,Moshavim,מושבים
EN HABESOR,1240,310,Moshavim,מושבים
EN WERED,157,310,Moshavim,מושבים
EN YAHAV,806,310,Moshavim,מושבים
EN YA'AQOV,813,310,Moshavim,מושבים
EN IRON,223,310,Moshavim,מושבים
AMMINADAV,779,310,Moshavim,מושבים
AMMI'OZ,318,310,Moshavim,מושבים
AMQA,708,310,Moshavim,מושבים
ARUGOT,593,310,Moshavim,מושבים
PARAN,1151,310,Moshavim,מושבים
PEDUYIM,750,310,Moshavim,מושבים
PEDAYA,838,310,Moshavim,מושבים
PATTISH,749,310,Moshavim,מושבים
PA'AME TASHAZ,2059,310,Moshavim,מושבים
PEZA'EL,3615,310,Moshavim,מושבים
PERAZON,2053,310,Moshavim,מושבים
ZOFIT,198,310,Moshavim,מושבים
ZOFAR,1150,310,Moshavim,מושבים
ZURI'EL,774,310,Moshavim,מושבים
ZIPPORI,613,310,Moshavim,מושבים
ZELAFON,796,310,Moshavim,מושבים
ZAFRIRIM,1079,310,Moshavim,מושבים
ZERUFA,612,310,Moshavim,מושבים
QIDRON,615,310,Moshavim,מושבים
RINNATYA,616,310,Moshavim,מושבים
RAM-ON,1069,310,Moshavim,מושבים
RAMOT,4702,310,Moshavim,מושבים
RAMOT ME'IR,735,310,Moshavim,מושבים
RAMOT NAFTALI,372,310,Moshavim,מושבים
RAMAT ZEVI,339,310,Moshavim,מושבים
RANNEN,789,310,Moshavim,מושבים
RISHPON,247,310,Moshavim,מושבים
SEDE YIZHAQ,2008,310,Moshavim,מושבים
SEDE MOSHE,18,310,Moshavim,מושבים
SEDE NIZZAN,1058,310,Moshavim,מושבים
SEDOT MIKHA,27,310,Moshavim,מושבים
SEDE AVRAHAM,1223,310,Moshavim,מושבים
SEDE HEMED,2015,310,Moshavim,מושבים
SHADMOT DEVORA,306,310,Moshavim,מושבים
SHOMERA,614,310,Moshavim,מושבים
SHEZOR,527,310,Moshavim,מושבים
SHAHAR,7,310,Moshavim,מושבים
SHEFER,846,310,Moshavim,מושבים
SHARONA,292,310,Moshavim,מושבים
SHETULA,1045,310,Moshavim,מושבים
TE'ASHUR,2062,310,Moshavim,מושבים
TIDHAR,2061,310,Moshavim,מושבים
TOMER,3558,310,Moshavim,מושבים
TEL ADASHIM,103,310,Moshavim,מושבים
TALME ELIYYAHU,1051,310,Moshavim,מושבים
TALME YEHI'EL,727,310,Moshavim,מושבים
TELAMIM,814,310,Moshavim,מושבים
TENUVOT,2002,310,Moshavim,מושבים
AVI'EZER,1070,310,Moshavim,מושבים
AVNE ETAN,4011,310,Moshavim,מושבים
AHUZZAM,821,310,Moshavim,מושבים
ETAN,37,310,Moshavim,מושבים
BET GAMLI'EL,571,310,Moshavim,מושבים
BET HAGADDI,723,310,Moshavim,מושבים
BET ME'IR,751,310,Moshavim,מושבים
BET UZZI'EL,301,310,Moshavim,מושבים
BEN ZAKKAY,760,310,Moshavim,מושבים
GE'ULE TEMAN,872,310,Moshavim,מושבים
GIV'OLIM,2014,310,Moshavim,מושבים
GEFEN,39,310,Moshavim,מושבים
DALTON,431,310,Moshavim,מושבים
HAZORE'IM,307,310,Moshavim,מושבים
ZIMRAT,1065,310,Moshavim,מושבים
ZERU'A,2064,310,Moshavim,מושבים
ZERAHYA,818,310,Moshavim,מושבים
HADID,618,310,Moshavim,מושבים
HAZON,1047,310,Moshavim,מושבים
HEMED,801,310,Moshavim,מושבים
TIRAT YEHUDA,663,310,Moshavim,מושבים
TEFAHOT,1214,310,Moshavim,מושבים
YAD RAMBAM,64,310,Moshavim,מושבים
YOSHIVYA,803,310,Moshavim,מושבים
YISH'I,805,310,Moshavim,מושבים
KALLANIT,1229,310,Moshavim,מושבים
KEFAR HARO'E,217,310,Moshavim,מושבים
KEFAR YA'BEZ,170,310,Moshavim,מושבים
KEFAR MAYMON,1095,310,Moshavim,מושבים
KEFAR PINES,189,310,Moshavim,מושבים
KEFAR SHAMMAY,605,310,Moshavim,מושבים
KEREM BEN ZIMRA,664,310,Moshavim,מושבים
MEHOLA,3599,310,Moshavim,מושבים
MAHSEYA,776,310,Moshavim,מושבים
MERON,607,310,Moshavim,מושבים
MELILOT,2044,310,Moshavim,מושבים
NOV,4304,310,Moshavim,מושבים
NO'AM,15,310,Moshavim,מושבים
NEHUSHA,59,310,Moshavim,מושבים
NEHALIM,449,310,Moshavim,מושבים
NAHAM,809,310,Moshavim,מושבים
NEZER HAZZANI,1372,310,Moshavim,מושבים
UZA,826,310,Moshavim,מושבים
AZRI'EL,837,310,Moshavim,מושבים
ALMA,688,310,Moshavim,מושבים
PORAT,767,310,Moshavim,מושבים
ZAFRIYYA,594,310,Moshavim,מושבים
REWAHA,2051,310,Moshavim,מושבים
REWAYA,2016,310,Moshavim,מושבים
REHOV,854,310,Moshavim,מושבים
SEDE ILAN,721,310,Moshavim,מושבים
SEDE YA'AQOV,142,310,Moshavim,מושבים
SEDE TERUMOT,2057,310,Moshavim,מושבים
SHUVA,761,310,Moshavim,מושבים
SHOQEDA,415,310,Moshavim,מושבים
SHIBBOLIM,865,310,Moshavim,מושבים
SHALWA,873,310,Moshavim,מושבים
SHAFIR,692,310,Moshavim,מושבים
SHARSHERET,398,310,Moshavim,מושבים
TIROSH,10,310,Moshavim,מושבים
TA'OZ,752,310,Moshavim,מושבים
TEQUMA,665,310,Moshavim,מושבים
TARUM,778,310,Moshavim,מושבים
AMNUN,1253,310,Moshavim,מושבים
BET YEHOSHUA,288,310,Moshavim,מושבים
BET NEHEMYA,784,310,Moshavim,מושבים
GIV'AT YESHA'YAHU,919,310,Moshavim,מושבים
DISHON,2063,310,Moshavim,מושבים
YAD NATAN,775,310,Moshavim,מושבים
KEFAR SHEMU'EL,743,310,Moshavim,מושבים
MAVQI'IM,573,310,Moshavim,מושבים
MASSU'A,3605,310,Moshavim,מושבים
NE'OT GOLAN,4551,310,Moshavim,מושבים
NIR YISRA'EL,699,310,Moshavim,מושבים
PERI GAN,1231,310,Moshavim,מושבים
PETAHYA,839,310,Moshavim,מושבים
SHE'AR YASHUV,324,310,Moshavim,מושבים
SEDE ELI'EZER,861,310,Moshavim,מושבים
SEDE DAWID,36,310,Moshavim,מושבים
SEDE UZZIYYAHU,739,310,Moshavim,מושבים
SHILAT,1165,310,Moshavim,מושבים
ELYASHIV,204,310,Moshavim,מושבים
BAT SHELOMO,33,310,Moshavim,מושבים
HIBBAT ZIYYON,219,310,Moshavim,מושבים
NEWE MIKHA'EL,1071,310,Moshavim,מושבים
QIDMAT ZEVI,4025,310,Moshavim,מושבים
TALME BILU,2050,310,Moshavim,מושבים
BET HILQIYYA,2033,310,Moshavim,מושבים
BENE RE'EM,588,310,Moshavim,מושבים
GIMZO,745,310,Moshavim,מושבים
ZAVDI'EL,815,310,Moshavim,מושבים
ZANOAH,816,310,Moshavim,מושבים
AVI'EL,679,310,Moshavim,מושבים
ARGAMAN,3598,310,Moshavim,מושבים
BAR GIYYORA,823,310,Moshavim,מושבים
GIV'AT NILI,360,310,Moshavim,מושבים
GITTIT,3613,310,Moshavim,מושבים
HOSEN,662,310,Moshavim,מושבים
MISGAV DOV,765,310,Moshavim,מושבים
MISHMAR HAYARDEN,732,310,Moshavim,מושבים
SAL'IT,3567,310,Moshavim,מושבים
AMMIQAM,773,310,Moshavim,מושבים
RAMAT RAZI'EL,460,310,Moshavim,מושבים
SHA'AL,4009,310,Moshavim,מושבים
SHEQEF,1233,310,Moshavim,מושבים
UDIM,446,310,Moshavim,מושבים
ILANIYYA,49,310,Moshavim,מושבים
BUSTAN HAGALIL,559,310,Moshavim,מושבים
BET YANNAY,200,310,Moshavim,מושבים
BITAN AHARON,252,310,Moshavim,מושבים
BENE ZIYYON,418,310,Moshavim,מושבים
BAZRA,389,310,Moshavim,מושבים
BEQA'OT,3612,310,Moshavim,מושבים
GIV'AT SHAPPIRA,1077,310,Moshavim,מושבים
GAN HADAROM,1072,310,Moshavim,מושבים
GAN HASHOMERON,225,310,Moshavim,מושבים
GANNOT,836,310,Moshavim,מושבים
DEQEL,1241,310,Moshavim,מושבים
HADAR AM,191,310,Moshavim,מושבים
WERED YERIHO,3639,310,Moshavim,מושבים
ZOHAR,44,310,Moshavim,מושבים
HAVAZZELET HASHARON,235,310,Moshavim,מושבים
HAMRA,3609,310,Moshavim,מושבים
HEREV LE'ET,422,310,Moshavim,מושבים
YEVUL,1232,310,Moshavim,מושבים
YOQNE'AM(MOSHAVA),241,310,Moshavim,מושבים
KESALON,859,310,Moshavim,מושבים
KEFAR AVIV,857,310,Moshavim,מושבים
KEFAR BIN NUN,2010,310,Moshavim,מושבים
KEFAR HARIF,888,310,Moshavim,מושבים
KEFAR MORDEKHAY,764,310,Moshavim,מושבים
KEFAR NETTER,316,310,Moshavim,מושבים
MAGSHIMIM,722,310,Moshavim,מושבים
MESHAR,731,310,Moshavim,מושבים
MEKHORA,3614,310,Moshavim,מושבים
MANOF,1174,310,Moshavim,מושבים
NE'OT HAKIKKAR,1124,310,Moshavim,מושבים
NEWE ATIV,4303,310,Moshavim,מושבים
NIR ZEVI,331,310,Moshavim,מושבים
EN TAMAR,1251,310,Moshavim,מושבים
QELAHIM,414,310,Moshavim,מושבים
RO'I,3619,310,Moshavim,מושבים
SEDE WARBURG,284,310,Moshavim,מושבים
SEDE ZEVI,2049,310,Moshavim,מושבים
SHEDEMA,555,310,Moshavim,מושבים
SHO'EVA,741,310,Moshavim,מושבים
TALME EL'AZAR,2003,310,Moshavim,מושבים
TALME YOSEF,1237,310,Moshavim,מושבים
BNE NETSARIM,1363,310,Moshavim,מושבים
NAVE,1366,310,Moshavim,מושבים
MEZAR,4019,310,Moshavim,מושבים
KEFAR GID'ON,106,310,Moshavim,מושבים
KEFAR HASIDIM ALEF,112,310,Moshavim,מושבים
MISHMAR HASHIV'A,729,310,Moshavim,מושבים
PEQI'IN HADASHA,281,310,Moshavim,מושבים
QOMEMIYYUT,766,310,Moshavim,מושבים
BET HERUT,877,320,Moshavim,מושבים שיתופיים
BENE DEROR,386,320,Moshavim,מושבים שיתופיים
KEFAR HITTIM,255,320,Moshavim,מושבים שיתופיים
MOLEDET,269,320,Moshavim,מושבים שיתופיים
SHORASHIM,1235,320,Moshavim,מושבים שיתופיים
ALLONE HABASHAN,4017,320,Moshavim,מושבים שיתופיים
BENE DAROM,592,320,Moshavim,מושבים שיתופיים
YONATAN,4007,320,Moshavim,מושבים שיתופיים
NIR GALLIM,720,320,Moshavim,מושבים שיתופיים
QESHET,4006,320,Moshavim,מושבים שיתופיים
RAMAT MAGSHIMIM,4701,320,Moshavim,מושבים שיתופיים
SHADMOT MEHOLA,3578,320,Moshavim,מושבים שיתופיים
MASSU'OT YIZHAQ,620,320,Moshavim,מושבים שיתופיים
NIR EZYON,769,320,Moshavim,מושבים שיתופיים
ODEM,4010,320,Moshavim,מושבים שיתופיים
ALLONE ABBA,429,320,Moshavim,מושבים שיתופיים
ME AMMI,1128,320,Moshavim,מושבים שיתופיים
REHAN,3568,320,Moshavim,מושבים שיתופיים
SHORESH,456,320,Moshavim,מושבים שיתופיים
TIMMORIM,163,320,Moshavim,מושבים שיתופיים
TALME YAFE,744,320,Moshavim,מושבים שיתופיים
YESODOT,440,320,Moshavim,מושבים שיתופיים
MATTITYAHU,3648,320,Moshavim,מושבים שיתופיים
AMAZYA,23,320,Moshavim,מושבים שיתופיים
MEVO BETAR,771,320,Moshavim,מושבים שיתופיים
ZUR NATAN,1148,320,Moshavim,מושבים שיתופיים
TELEM,3719,320,Moshavim,מושבים שיתופיים
YAD HASHEMONA,1134,320,Moshavim,מושבים שיתופיים
EN HAZEVA,1053,320,Moshavim,מושבים שיתופיים
SHAVE ZIYYON,282,320,Moshavim,מושבים שיתופיים
OR HAGANUZ,1294,320,Moshavim,מושבים שיתופיים
BET YATTIR,3745,320,Moshavim,מושבים שיתופיים
KARMEL,3656,320,Moshavim,מושבים שיתופיים
MA'ON,3657,320,Moshavim,מושבים שיתופיים
HABONIM,675,320,Moshavim,מושבים שיתופיים
YODEFAT,1112,320,Moshavim,מושבים שיתופיים
YITAV,3607,320,Moshavim,מושבים שיתופיים
KEFAR DANIYYEL,707,320,Moshavim,מושבים שיתופיים
NEWE ILAN,405,320,Moshavim,מושבים שיתופיים
REGBA,390,320,Moshavim,מושבים שיתופיים
RETAMIM,1260,320,Moshavim,מושבים שיתופיים
HAR AMASA,1261,330,Kibbutzim,קיבוצים
BE'EROT YIZHAQ,450,330,Kibbutzim,קיבוצים
BET RIMMON,1162,330,Kibbutzim,קיבוצים
TIRAT ZEVI,268,330,Kibbutzim,קיבוצים
KEFAR EZYON,3488,330,Kibbutzim,קיבוצים
LAVI,585,330,Kibbutzim,קיבוצים
MIGDAL OZ,3561,330,Kibbutzim,קיבוצים
MERAV,1282,330,Kibbutzim,קיבוצים
MA'ALE GILBOA,1127,330,Kibbutzim,קיבוצים
SA'AD,419,330,Kibbutzim,קיבוצים
EN HANAZIV,383,330,Kibbutzim,קיבוצים
EN ZURIM,622,330,Kibbutzim,קיבוצים
ALUMIM,1146,330,Kibbutzim,קיבוצים
QEVUZAT YAVNE,334,330,Kibbutzim,קיבוצים
ROSH ZURIM,3602,330,Kibbutzim,קיבוצים
SEDE ELIYYAHU,304,330,Kibbutzim,קיבוצים
SHELUHOT,439,330,Kibbutzim,קיבוצים
HASOLELIM,677,330,Kibbutzim,קיבוצים
KEFAR GLIKSON,310,330,Kibbutzim,קיבוצים
NIZZANIM,359,330,Kibbutzim,קיבוצים
EN HASHELOSHA,676,330,Kibbutzim,קיבוצים
TEL YIZHAQ,287,330,Kibbutzim,קיבוצים
HAFEZ HAYYIM,363,330,Kibbutzim,קיבוצים
SHA'ALVIM,856,330,Kibbutzim,קיבוצים
ESHBAL,1276,330,Kibbutzim,קיבוצים
ADAMIT,1068,330,Kibbutzim,קיבוצים
OR HANER,67,330,Kibbutzim,קיבוצים
ORTAL,4013,330,Kibbutzim,קיבוצים
URIM,403,330,Kibbutzim,קיבוצים
USHA,278,330,Kibbutzim,קיבוצים
EYAL,716,330,Kibbutzim,קיבוצים
AYYELET HASHAHAR,77,330,Kibbutzim,קיבוצים
ELON,294,330,Kibbutzim,קיבוצים
ELOT,1126,330,Kibbutzim,קיבוצים
EL-ROM,4003,330,Kibbutzim,קיבוצים
ALUMMOT,330,330,Kibbutzim,קיבוצים
ALLONIM,285,330,Kibbutzim,קיבוצים
ELIFAZ,1248,330,Kibbutzim,קיבוצים
ALMOG,3556,330,Kibbutzim,קיבוצים
AFIQ,4301,330,Kibbutzim,קיבוצים
AFIQIM,176,330,Kibbutzim,קיבוצים
AFEQ,313,330,Kibbutzim,קיבוצים
EREZ,714,330,Kibbutzim,קיבוצים
ASHDOT YA'AQOV(IHUD),199,330,Kibbutzim,קיבוצים
ASHDOT YA'AQOV(ME'UHAD),188,330,Kibbutzim,קיבוצים
BE'ERI,399,330,Kibbutzim,קיבוצים
BAHAN,2043,330,Kibbutzim,קיבוצים
BET OREN,317,330,Kibbutzim,קיבוצים
BET ALFA,95,330,Kibbutzim,קיבוצים
BET GUVRIN,619,330,Kibbutzim,קיבוצים
BET HAEMEQ,572,330,Kibbutzim,קיבוצים
BET HAARAVA,3645,330,Kibbutzim,קיבוצים
BET HASHITTA,242,330,Kibbutzim,קיבוצים
BET ZERA,143,330,Kibbutzim,קיבוצים
BET NIR,16,330,Kibbutzim,קיבוצים
BET QAMA,598,330,Kibbutzim,קיבוצים
BET QESHET,365,330,Kibbutzim,קיבוצים
BEROR HAYIL,428,330,Kibbutzim,קיבוצים
BAR'AM,667,330,Kibbutzim,קיבוצים
BARQAY,617,330,Kibbutzim,קיבוצים
GEVULOT,352,330,Kibbutzim,קיבוצים
GEVIM,424,330,Kibbutzim,קיבוצים
GEVA,86,330,Kibbutzim,קיבוצים
GIV'AT HASHELOSHA,870,330,Kibbutzim,קיבוצים
GIV'AT HAYYIM (IHUD),2018,330,Kibbutzim,קיבוצים
GIV'AT HAYYIM(ME'UHAD),173,330,Kibbutzim,קיבוצים
GIV'AT OZ,703,330,Kibbutzim,קיבוצים
GEVAR'AM,342,330,Kibbutzim,קיבוצים
GEVAT,133,330,Kibbutzim,קיבוצים
GADOT,35,330,Kibbutzim,קיבוצים
GONEN,852,330,Kibbutzim,קיבוצים
GAZIT,457,330,Kibbutzim,קיבוצים
GEZER,370,330,Kibbutzim,קיבוצים
GINNOSAR,262,330,Kibbutzim,קיבוצים
GINNEGAR,92,330,Kibbutzim,קיבוצים
GAL'ON,393,330,Kibbutzim,קיבוצים
GILGAL,3606,330,Kibbutzim,קיבוצים
GELIL YAM,346,330,Kibbutzim,קיבוצים
GAL'ED (EVEN YIZHAQ),369,330,Kibbutzim,קיבוצים
GAN SHELOMO,144,330,Kibbutzim,קיבוצים
GAN SHEMU'EL,72,330,Kibbutzim,קיבוצים
GA'ASH,842,330,Kibbutzim,קיבוצים
GA'TON,463,330,Kibbutzim,קיבוצים
GEROFIT,1129,330,Kibbutzim,קיבוצים
GESHUR,4022,330,Kibbutzim,קיבוצים
GESHER,305,330,Kibbutzim,קיבוצים
GESHER HAZIW,574,330,Kibbutzim,קיבוצים
GAT(QIBBUZ),340,330,Kibbutzim,קיבוצים
DVIR,849,330,Kibbutzim,קיבוצים
DAVERAT,407,330,Kibbutzim,קיבוצים
DEGANYA ALEF,62,330,Kibbutzim,קיבוצים
DEGANYA BET,79,330,Kibbutzim,קיבוצים
DOROT,336,330,Kibbutzim,קיבוצים
DALIYYA,300,330,Kibbutzim,קיבוצים
DAN,303,330,Kibbutzim,קיבוצים
DAFNA,302,330,Kibbutzim,קיבוצים
HAON,702,330,Kibbutzim,קיבוצים
HAGOSHERIM,356,330,Kibbutzim,קיבוצים
HAZOREA,250,330,Kibbutzim,קיבוצים
HAHOTERIM,434,330,Kibbutzim,קיבוצים
HAMA'PIL,377,330,Kibbutzim,קיבוצים
HAOGEN,423,330,Kibbutzim,קיבוצים
HAR'EL,464,330,Kibbutzim,קיבוצים
HARDUF,1249,330,Kibbutzim,קיבוצים
ZIQIM,584,330,Kibbutzim,קיבוצים
HULDA,160,330,Kibbutzim,קיבוצים
HOLIT,1239,330,Kibbutzim,קיבוצים
HULATA,253,330,Kibbutzim,קיבוצים
HUQOQ,374,330,Kibbutzim,קיבוצים
HORESHIM,355,330,Kibbutzim,קיבוצים
HAMADYA,343,330,Kibbutzim,קיבוצים
HANITA,280,330,Kibbutzim,קיבוצים
HANNATON,1257,330,Kibbutzim,קיבוצים
HEFZI-BAH,90,330,Kibbutzim,קיבוצים
HAZOR-ASHDOD,406,330,Kibbutzim,קיבוצים
HAZERIM,397,330,Kibbutzim,קיבוצים
TELALIM,1177,330,Kibbutzim,קיבוצים
YAGUR,96,330,Kibbutzim,קיבוצים
YAD HANNA,758,330,Kibbutzim,קיבוצים
YAD MORDEKHAY,358,330,Kibbutzim,קיבוצים
YAHEL,1158,330,Kibbutzim,קיבוצים
YIZRE'EL,452,330,Kibbutzim,קיבוצים
YEHI'AM,409,330,Kibbutzim,קיבוצים
YOTVATA,866,330,Kibbutzim,קיבוצים
YAS'UR,575,330,Kibbutzim,קיבוצים
YIF'AT,134,330,Kibbutzim,קיבוצים
YIFTAH,453,330,Kibbutzim,קיבוצים
YAQUM,417,330,Kibbutzim,קיבוצים
YIR'ON,623,330,Kibbutzim,קיבוצים
KABRI,576,330,Kibbutzim,קיבוצים
KISSUFIM,840,330,Kibbutzim,קיבוצים
KISHOR,1153,330,Kibbutzim,קיבוצים
KINNERET(QEVUZA),57,330,Kibbutzim,קיבוצים
KEFAR BLUM,357,330,Kibbutzim,קיבוצים
KEFAR GIL'ADI,76,330,Kibbutzim,קיבוצים
KEFAR HAHORESH,192,330,Kibbutzim,קיבוצים
KEFAR HAMAKKABBI,254,330,Kibbutzim,קיבוצים
KEFAR HANASI,443,330,Kibbutzim,קיבוצים
KEFAR HARUV,4004,330,Kibbutzim,קיבוצים
KEFAR MENAHEM,274,330,Kibbutzim,קיבוצים
KEFAR MASARYK,297,330,Kibbutzim,קיבוצים
KEFAR SZOLD,345,330,Kibbutzim,קיבוצים
KEFAR AZZA,845,330,Kibbutzim,קיבוצים
KEFAR ROSH HANIQRA,579,330,Kibbutzim,קיבוצים
KEFAR RUPPIN,295,330,Kibbutzim,קיבוצים
KEREM SHALOM,1085,330,Kibbutzim,קיבוצים
KARMIYYA,768,330,Kibbutzim,קיבוצים
KERAMIM,1198,330,Kibbutzim,קיבוצים
LAHAV,2023,330,Kibbutzim,קיבוצים
LAHAVOT HABASHAN,380,330,Kibbutzim,קיבוצים
LAHAVOT HAVIVA,715,330,Kibbutzim,קיבוצים
LOHAME HAGETA'OT,595,330,Kibbutzim,קיבוצים
LOTEM,1171,330,Kibbutzim,קיבוצים
LOTAN,1255,330,Kibbutzim,קיבוצים
MEVO HAMMA,4204,330,Kibbutzim,קיבוצים
MEGIDDO,586,330,Kibbutzim,קיבוצים
MAGGAL,375,330,Kibbutzim,קיבוצים
MAGEN,695,330,Kibbutzim,קיבוצים
MORAN,1163,330,Kibbutzim,קיבוצים
MIZRA,104,330,Kibbutzim,קיבוצים
MAHANAYIM,308,330,Kibbutzim,קיבוצים
MALKIYYA,596,330,Kibbutzim,קיבוצים
MENARA,347,330,Kibbutzim,קיבוצים
MASSADA,263,330,Kibbutzim,קיבוצים
MESILLOT,298,330,Kibbutzim,קיבוצים
MA'BAROT,197,330,Kibbutzim,קיבוצים
MA'AGAN,678,330,Kibbutzim,קיבוצים
MA'OZ HAYYIM,272,330,Kibbutzim,קיבוצים
MA'YAN BARUKH,416,330,Kibbutzim,קיבוצים
MA'YAN ZEVI,290,330,Kibbutzim,קיבוצים
MA'ALE HAHAMISHA,286,330,Kibbutzim,קיבוצים
MA'ANIT,344,330,Kibbutzim,קיבוצים
MEFALLESIM,668,330,Kibbutzim,קיבוצים
MAZZUVA,325,330,Kibbutzim,קיבוצים
MIZPE SHALEM,3610,330,Kibbutzim,קיבוצים
MEZER,648,330,Kibbutzim,קיבוצים
MEROM GOLAN,4101,330,Kibbutzim,קיבוצים
MERHAVYA(QIBBUZ),66,330,Kibbutzim,קיבוצים
MASH'ABBE SADE,421,330,Kibbutzim,קיבוצים
MISGAV AM,378,330,Kibbutzim,קיבוצים
MISHMAR DAWID,563,330,Kibbutzim,קיבוצים
MISHMAR HANEGEV,395,330,Kibbutzim,קיבוצים
MISHMAR HAEMEQ,130,330,Kibbutzim,קיבוצים
MISHMAR HASHARON,194,330,Kibbutzim,קיבוצים
MISHMAROT,213,330,Kibbutzim,קיבוצים
NE'OT MORDEKHAY,408,330,Kibbutzim,קיבוצים
NE'OT SMADAR,1197,330,Kibbutzim,קיבוצים
NEGBA,315,330,Kibbutzim,קיבוצים
NEWE UR,590,330,Kibbutzim,קיבוצים
NEWE ETAN,296,330,Kibbutzim,קיבוצים
NEWE HARIF,1279,330,Kibbutzim,קיבוצים
NEWE YAM,312,330,Kibbutzim,קיבוצים
NAHAL OZ,844,330,Kibbutzim,קיבוצים
NAHSHOLIM,433,330,Kibbutzim,קיבוצים
NAHSHON,777,330,Kibbutzim,קיבוצים
NAHSHONIM,705,330,Kibbutzim,קיבוצים
NIR ELIYYAHU,808,330,Kibbutzim,קיבוצים
NIR DAWID (TEL AMAL),256,330,Kibbutzim,קיבוצים
NIR YIZHAQ,402,330,Kibbutzim,קיבוצים
NIR OZ,69,330,Kibbutzim,קיבוצים
NIR AM,348,330,Kibbutzim,קיבוצים
NIRIM,602,330,Kibbutzim,קיבוצים
NA'AN,158,330,Kibbutzim,קיבוצים
NA'ARAN,3620,330,Kibbutzim,קיבוצים
NEZER SERENI,435,330,Kibbutzim,קיבוצים
NETIV HALAMED-HE,693,330,Kibbutzim,קיבוצים
SASA,578,330,Kibbutzim,קיבוצים
SUFA,1238,330,Kibbutzim,קיבוצים
SAMAR,1156,330,Kibbutzim,קיבוצים
SA'AR,454,330,Kibbutzim,קיבוצים
EVRON,376,330,Kibbutzim,קיבוצים
EN GEV,273,330,Kibbutzim,קיבוצים
EN GEDI,2042,330,Kibbutzim,קיבוצים
EN DOR,436,330,Kibbutzim,קיבוצים
EN HAHORESH,167,330,Kibbutzim,קיבוצים
EN HAMIFRAZ,289,330,Kibbutzim,קיבוצים
EN HASHOFET,270,330,Kibbutzim,קיבוצים
EN ZIWAN,4503,330,Kibbutzim,קיבוצים
EN HAROD (IHUD),89,330,Kibbutzim,קיבוצים
EN HAROD(ME'UHAD),82,330,Kibbutzim,קיבוצים
EN KARMEL,426,330,Kibbutzim,קיבוצים
EN SHEMER,139,330,Kibbutzim,קיבוצים
ENAT,871,330,Kibbutzim,קיבוצים
AMMI'AD,385,330,Kibbutzim,קיבוצים
AMIR,319,330,Kibbutzim,קיבוצים
PELEKH,1185,330,Kibbutzim,קיבוצים
PALMAHIM,597,330,Kibbutzim,קיבוצים
PAROD,599,330,Kibbutzim,קיבוצים
ZE'ELIM,413,330,Kibbutzim,קיבוצים
ZIV'ON,1213,330,Kibbutzim,קיבוצים
ZOVA,465,330,Kibbutzim,קיבוצים
ZOR'A,567,330,Kibbutzim,קיבוצים
QADDARIM,1211,330,Kibbutzim,קיבוצים
QETURA,1052,330,Kibbutzim,קיבוצים
QALYA,3601,330,Kibbutzim,קיבוצים
QIRYAT ANAVIM,78,330,Kibbutzim,קיבוצים
REVADIM,564,330,Kibbutzim,קיבוצים
REVIVIM,354,330,Kibbutzim,קיבוצים
RAVID,1225,330,Kibbutzim,קיבוצים
REGAVIM,444,330,Kibbutzim,קיבוצים
RUHAMA,362,330,Kibbutzim,קיבוצים
RAMOT MENASHE,445,330,Kibbutzim,קיבוצים
RAMAT DAWID,135,330,Kibbutzim,קיבוצים
RAMAT HAKOVESH,184,330,Kibbutzim,קיבוצים
RAMAT HASHOFET,335,330,Kibbutzim,קיבוצים
RAMAT YOHANAN,178,330,Kibbutzim,קיבוצים
RAMAT RAHEL,127,330,Kibbutzim,קיבוצים
RE'IM,713,330,Kibbutzim,קיבוצים
RESHAFIM,437,330,Kibbutzim,קיבוצים
SEDE BOQER,885,330,Kibbutzim,קיבוצים
SEDE YO'AV,293,330,Kibbutzim,קיבוצים
SEDE NAHUM,259,330,Kibbutzim,קיבוצים
SEDE NEHEMYA,329,330,Kibbutzim,קיבוצים
SEDOT YAM,327,330,Kibbutzim,קיבוצים
SHOVAL,394,330,Kibbutzim,קיבוצים
SHOMERIYYA,1265,330,Kibbutzim,קיבוצים
SHAMIR,366,330,Kibbutzim,קיבוצים
SHAMERAT,432,330,Kibbutzim,קיבוצים
SENIR,1132,330,Kibbutzim,קיבוצים
SHA'AR HAGOLAN,264,330,Kibbutzim,קיבוצים
SHA'AR HAAMAQIM,237,330,Kibbutzim,קיבוצים
SHEFAYIM,232,330,Kibbutzim,קיבוצים
SARID,126,330,Kibbutzim,קיבוצים
TUVAL,1172,330,Kibbutzim,קיבוצים
TEL YOSEF,84,330,Kibbutzim,קיבוצים
TEL QAZIR,719,330,Kibbutzim,קיבוצים
ORANIM,882,340,other,"יישובים מוסדיים, יהודיים"
IBBIM,338,340,other,"יישובים מוסדיים, יהודיים"
ETANIM,886,340,other,"יישובים מוסדיים, יהודיים"
ALLONE YIZHAQ,868,340,other,"יישובים מוסדיים, יהודיים"
ESHEL HANASI,2021,340,other,"יישובים מוסדיים, יהודיים"
BET BERL,1076,340,other,"יישובים מוסדיים, יהודיים"
BET ZEVI,212,340,other,"יישובים מוסדיים, יהודיים"
BET RABBAN,848,340,other,"יישובים מוסדיים, יהודיים"
BEN SHEMEN(K.NO'AR),1084,340,other,"יישובים מוסדיים, יהודיים"
HODAYOT,1322,340,other,"יישובים מוסדיים, יהודיים"
YEDIDA,1144,340,other,"יישובים מוסדיים, יהודיים"
KADOORIE,371,340,other,"יישובים מוסדיים, יהודיים"
KANNOT,2006,340,other,"יישובים מוסדיים, יהודיים"
KEFAR GALLIM,427,340,other,"יישובים מוסדיים, יהודיים"
KEFAR HANO'AR HADATI,890,340,other,"יישובים מוסדיים, יהודיים"
KEFAR ZOHARIM,1325,340,other,"יישובים מוסדיים, יהודיים"
KEFAR SILVER,107,340,other,"יישובים מוסדיים, יהודיים"
KEFAR AVODA,875,340,other,"יישובים מוסדיים, יהודיים"
KEREM BEYAVNE,1094,340,other,"יישובים מוסדיים, יהודיים"
ME'IR SHEFEYA,102,340,other,"יישובים מוסדיים, יהודיים"
MEVO'OT YAM,1318,340,other,"יישובים מוסדיים, יהודיים"
MIDRESHET RUPPIN,897,340,other,"יישובים מוסדיים, יהודיים"
METAL,1154,340,other,"יישובים מוסדיים, יהודיים"
MIQWE YISRA'EL,22,340,other,"יישובים מוסדיים, יהודיים"
NEWE AVOT,926,340,other,"יישובים מוסדיים, יהודיים"
NIZZANA (QEHILAT HINUH),1195,340,other,"יישובים מוסדיים, יהודיים"
NE'URIM,186,340,other,"יישובים מוסדיים, יהודיים"
AYANOT,156,340,other,"יישובים מוסדיים, יהודיים"
QIRYAT YE'ARIM(INSTITUTE),2039,340,other,"יישובים מוסדיים, יהודיים"
QIRYAT SHELOMO,412,340,other,"יישובים מוסדיים, יהודיים"
RUAH MIDBAR,1341,340,other,"יישובים מוסדיים, יהודיים"
SHA'AR MENASHE,921,340,other,"יישובים מוסדיים, יהודיים"
OMEN,1108,350,other,"יישובים כפריים אחרים, יהודיים"
AHAWA,1157,350,other,"יישובים כפריים אחרים, יהודיים"
ALUMMA,1145,350,other,"יישובים כפריים אחרים, יהודיים"
ARSUF,1324,350,other,"יישובים כפריים אחרים, יהודיים"
BIRIYYA,368,350,other,"יישובים כפריים אחרים, יהודיים"
BET ZEID,353,350,other,"יישובים כפריים אחרים, יהודיים"
BAT HADAR,1323,350,other,"יישובים כפריים אחרים, יהודיים"
BAT HEN,1361,350,other,"יישובים כפריים אחרים, יהודיים"
GID'ONA,442,350,other,"יישובים כפריים אחרים, יהודיים"
GORNOT HAGALIL,1219,350,other,"יישובים כפריים אחרים, יהודיים"
GIBBETON,196,350,other,"יישובים כפריים אחרים, יהודיים"
GIZO,1043,350,other,"יישובים כפריים אחרים, יהודיים"
GANNOT HADAR,549,350,other,"יישובים כפריים אחרים, יהודיים"
GANNE HADAR,1103,350,other,"יישובים כפריים אחרים, יהודיים"
GANNE AM,218,350,other,"יישובים כפריים אחרים, יהודיים"
GAT RIMMON,128,350,other,"יישובים כפריים אחרים, יהודיים"
WARDON,1133,350,other,"יישובים כפריים אחרים, יהודיים"
HEVER,1110,350,other,"יישובים כפריים אחרים, יהודיים"
HOFIT,115,350,other,"יישובים כפריים אחרים, יהודיים"
HARUZIM,1024,350,other,"יישובים כפריים אחרים, יהודיים"
YESUD HAMA'ALA,29,350,other,"יישובים כפריים אחרים, יהודיים"
YE'AF,1044,350,other,"יישובים כפריים אחרים, יהודיים"
KINNERET(MOSHAVA),63,350,other,"יישובים כפריים אחרים, יהודיים"
KEFAR HASIDIM BET,889,350,other,"יישובים כפריים אחרים, יהודיים"
KEFAR SHEMARYAHU,267,350,other,"יישובים כפריים אחרים, יהודיים"
KEREM BEN SHEMEN,88,350,other,"יישובים כפריים אחרים, יהודיים"
KARME YOSEF,1264,350,other,"יישובים כפריים אחרים, יהודיים"
LAVON,1207,350,other,"יישובים כפריים אחרים, יהודיים"
MABBU'IM,1080,350,other,"יישובים כפריים אחרים, יהודיים"
MIDRESHET BEN GURION,1140,350,other,"יישובים כפריים אחרים, יהודיים"
MOZA ILLIT,208,350,other,"יישובים כפריים אחרים, יהודיים"
MAHANE YATTIR,1196,350,other,"יישובים כפריים אחרים, יהודיים"
MENAHEMYA,48,350,other,"יישובים כפריים אחרים, יהודיים"
MA'ALE EFRAYIM,3608,350,other,"יישובים כפריים אחרים, יהודיים"
MIZPA,58,350,other,"יישובים כפריים אחרים, יהודיים"
NEHORA,309,350,other,"יישובים כפריים אחרים, יהודיים"
NEWE ZOHAR,1057,350,other,"יישובים כפריים אחרים, יהודיים"
NEWE SHALOM,1259,350,other,"יישובים כפריים אחרים, יהודיים"
NOFIM,3790,350,other,"יישובים כפריים אחרים, יהודיים"
NIZZAN B,1419,350,other,"יישובים כפריים אחרים, יהודיים"
NES AMMIM,1143,350,other,"יישובים כפריים אחרים, יהודיים"
SAPPIR,1176,350,other,"יישובים כפריים אחרים, יהודיים"
EZER,1149,350,other,"יישובים כפריים אחרים, יהודיים"
EN HAEMEQ,367,350,other,"יישובים כפריים אחרים, יהודיים"
EN SARID,880,350,other,"יישובים כפריים אחרים, יהודיים"
ASERET,591,350,other,"יישובים כפריים אחרים, יהודיים"
PORIYYA-KEFAR AVODA,1104,350,other,"יישובים כפריים אחרים, יהודיים"
PORIYYA-NEWE OVED,1105,350,other,"יישובים כפריים אחרים, יהודיים"
PORIYYA ILLIT,1313,350,other,"יישובים כפריים אחרים, יהודיים"
ZOHAR,1136,350,other,"יישובים כפריים אחרים, יהודיים"
ZUQI YAM,1102,350,other,"יישובים כפריים אחרים, יהודיים"
RAMOT HASHAVIM,206,350,other,"יישובים כפריים אחרים, יהודיים"
SHOSHANNAT HAAMAQIM,224,350,other,"יישובים כפריים אחרים, יהודיים"
SARIGIM (LI-ON),1114,350,other,"יישובים כפריים אחרים, יהודיים"
TUSHIYYA,1083,350,other,"יישובים כפריים אחרים, יהודיים"
KORAZIM,1252,350,other,"יישובים כפריים אחרים, יהודיים"
AVENAT,3786,370,other,יישובים קהילתיים
IRUS,1336,370,other,יישובים קהילתיים
ELIAV,1365,370,other,יישובים קהילתיים
GIV'OT EDEN,1362,370,other,יישובים קהילתיים
HASPIN,4005,370,other,יישובים קהילתיים
KARME KATIF,1374,370,other,יישובים קהילתיים
MEVO'OT YERIHO,3825,370,other,יישובים קהילתיים
MA'GALIM,1082,370,other,יישובים קהילתיים
MERHAV AM,1340,370,other,יישובים קהילתיים
MASKIYYOT,3785,370,other,יישובים קהילתיים
NEGOHOT,3724,370,other,יישובים קהילתיים
NOF AYYALON,1333,370,other,יישובים קהילתיים
NURIT,833,370,other,יישובים קהילתיים
AMMIHAY,3824,370,other,יישובים קהילתיים
ZUQIM,1262,370,other,יישובים קהילתיים
ROTEM,3782,370,other,יישובים קהילתיים
PRESIDENT TRUMP HEIGHTS,4029,370,other,יישובים קהילתיים
SHEZAF,1378,370,other,יישובים קהילתיים
RAQQEFET,1228,370,other,יישובים קהילתיים
BAR YOHAY,1191,370,other,יישובים קהילתיים
GANNE TAL,1371,370,other,יישובים קהילתיים
KEFAR HANANYA,1297,370,other,יישובים קהילתיים
KEFAR TAPPUAH,3572,370,other,יישובים קהילתיים
KARME ZUR,3766,370,other,יישובים קהילתיים
QIRYAT NETAFIM,3746,370,other,יישובים קהילתיים
TEL TE'OMIM,1283,370,other,יישובים קהילתיים
HARARIT,1203,370,other,יישובים קהילתיים
YUVALLIM,1226,370,other,יישובים קהילתיים
KAMMON,1201,370,other,יישובים קהילתיים
MIKHMANNIM,1202,370,other,יישובים קהילתיים
ADI,1199,370,other,יישובים קהילתיים
ASFAR,3754,370,other,יישובים קהילתיים
MEVO MODI'IM,1141,370,other,יישובים קהילתיים
NAHALI'EL,3767,370,other,יישובים קהילתיים
ADORA,3759,370,other,יישובים קהילתיים
GILON,1204,370,other,יישובים קהילתיים
HAD-NES,4026,370,other,יישובים קהילתיים
HERMESH,3717,370,other,יישובים קהילתיים
MA'ALE AMOS,3653,370,other,יישובים קהילתיים
ZURIT,1221,370,other,יישובים קהילתיים
QEDAR,3781,370,other,יישובים קהילתיים
QELA,4024,370,other,יישובים קהילתיים
SHAQED,3649,370,other,יישובים קהילתיים
AVTALYON,1275,370,other,יישובים קהילתיים
AVSHALOM,1311,370,other,יישובים קהילתיים
KADDITA,1338,370,other,יישובים קהילתיים
KELIL,1183,370,other,יישובים קהילתיים
MIZPE AVIV,1222,370,other,יישובים קהילתיים
MITSPE ILAN,1370,370,other,יישובים קהילתיים
QORANIT,1179,370,other,יישובים קהילתיים
RIMMONIM,3565,370,other,יישובים קהילתיים
SHEKHANYA,1160,370,other,יישובים קהילתיים
ITAMAR,3762,370,other,יישובים קהילתיים
ESHKOLOT,3722,370,other,יישובים קהילתיים
BET HOGLA,3864,370,other,יישובים קהילתיים
BET HORON,3575,370,other,יישובים קהילתיים
BNE DEQALIM,1368,370,other,יישובים קהילתיים
GIV'ON HAHADASHA,3644,370,other,יישובים קהילתיים
DOLEV,3747,370,other,יישובים קהילתיים
HAGGAY,3764,370,other,יישובים קהילתיים
HEMDAT,3646,370,other,יישובים קהילתיים
TENE,3743,370,other,יישובים קהילתיים
MEVO DOTAN,3569,370,other,יישובים קהילתיים
MIGDALIM,3751,370,other,יישובים קהילתיים
MORESHET,1178,370,other,יישובים קהילתיים
MA'ALE LEVONA,3752,370,other,יישובים קהילתיים
MIZPE NETOFA,1190,370,other,יישובים קהילתיים
NEVE TSUF,3573,370,other,יישובים קהילתיים
NETA,1369,370,other,יישובים קהילתיים
SUSEYA,3756,370,other,יישובים קהילתיים
SANSANA,3777,370,other,יישובים קהילתיים
ATERET,3658,370,other,יישובים קהילתיים
ALMON,3715,370,other,יישובים קהילתיים
ENAV,3712,370,other,יישובים קהילתיים
OTNI'EL,3748,370,other,יישובים קהילתיים
PENE HEVER,3723,370,other,יישובים קהילתיים
REHELIM,3822,370,other,יישובים קהילתיים
SHAVE SHOMERON,3571,370,other,יישובים קהילתיים
SHLOMIT,1364,370,other,יישובים קהילתיים
SHIM'A,3784,370,other,יישובים קהילתיים
SHANI,1287,370,other,יישובים קהילתיים
ESHHAR,1188,370,other,יישובים קהילתיים
ASHERAT,1256,370,other,יישובים קהילתיים
BENE YEHUDA,4015,370,other,יישובים קהילתיים
GIV'AT ELA,1288,370,other,יישובים קהילתיים
GITTA,1206,370,other,יישובים קהילתיים
HINNANIT,3643,370,other,יישובים קהילתיים
HALUZ,1272,370,other,יישובים קהילתיים
TAL-EL,1181,370,other,יישובים קהילתיים
KARKOM,1285,370,other,יישובים קהילתיים
MASSAD,1258,370,other,יישובים קהילתיים
NIRIT,1236,370,other,יישובים קהילתיים
ATSMON SEGEV,917,370,other,יישובים קהילתיים
SHAHARUT,1266,370,other,יישובים קהילתיים
TIMRAT,1244,370,other,יישובים קהילתיים
ABBIRIM,1220,370,other,יישובים קהילתיים
ASHALIM,1152,370,other,יישובים קהילתיים
BE'ER ORA,21,370,other,יישובים קהילתיים
GEVA'OT BAR,1344,370,other,יישובים קהילתיים
HILLA,1208,370,other,יישובים קהילתיים
HAR GILLO,3603,370,other,יישובים קהילתיים
HARASHIM,1209,370,other,יישובים קהילתיים
MATTAT,1184,370,other,יישובים קהילתיים
NEWE ZIV,1314,370,other,יישובים קהילתיים
NOFEKH,257,370,other,יישובים קהילתיים
NATAF,1254,370,other,יישובים קהילתיים
EZUZ,328,370,other,יישובים קהילתיים
EN HOD,74,370,other,יישובים קהילתיים
AMUQQA,1212,370,other,יישובים קהילתיים
ZVIYYA,1180,370,other,יישובים קהילתיים
DEIR RAFAT,493,440,other,"יישובים מוסדיים, לא-יהודיים"
UMM AL-QUTUF,2024,450,other,"יישובים כפריים אחרים, לא-יהודיים"
AL-AZY,1339,450,other,"יישובים כפריים אחרים, לא-יהודיים"
AL-ARYAN,1316,450,other,"יישובים כפריים אחרים, לא-יהודיים"
DAHI,475,450,other,"יישובים כפריים אחרים, לא-יהודיים"
DEMEIDE,1317,450,other,"יישובים כפריים אחרים, לא-יהודיים"
DERIG'AT,1349,450,other,"יישובים כפריים אחרים, לא-יהודיים"
KHAWALED,1321,450,other,"יישובים כפריים אחרים, לא-יהודיים"
HUSSNIYYA,1332,450,other,"יישובים כפריים אחרים, לא-יהודיים"
HAMAM,993,450,other,"יישובים כפריים אחרים, לא-יהודיים"
TAMRA (YIZRE'EL),547,450,other,"יישובים כפריים אחרים, לא-יהודיים"
KOCHLEA,1367,450,other,"יישובים כפריים אחרים, לא-יהודיים"
KAMANE,1331,450,other,"יישובים כפריים אחרים, לא-יהודיים"
MEISER,649,450,other,"יישובים כפריים אחרים, לא-יהודיים"
MANSHIYYET ZABDA,994,450,other,"יישובים כפריים אחרים, לא-יהודיים"
SAWA'ID (HUMAYRA),942,450,other,"יישובים כפריים אחרים, לא-יהודיים"
EIN AL-ASAD,546,450,other,"יישובים כפריים אחרים, לא-יהודיים"
EIN HOD,1320,450,other,"יישובים כפריים אחרים, לא-יהודיים"
EIN RAFA,514,450,other,"יישובים כפריים אחרים, לא-יהודיים"
ARAMSHA,1246,450,other,"יישובים כפריים אחרים, לא-יהודיים"
ARAB AL NAIM,1335,450,other,"יישובים כפריים אחרים, לא-יהודיים"
SANDALA,636,450,other,"יישובים כפריים אחרים, לא-יהודיים"
RAS AL-EIN,1334,450,other,"יישובים כפריים אחרים, לא-יהודיים"
RAS ALI,990,450,other,"יישובים כפריים אחרים, לא-יהודיים"
RUMMANE,539,450,other,"יישובים כפריים אחרים, לא-יהודיים"
REIHANIYYE,540,450,other,"יישובים כפריים אחרים, לא-יהודיים"
'TARABIN AS-SANI,1346,450,other,"יישובים כפריים אחרים, לא-יהודיים"
ABU JUWEI'ID,967,460,other,"שבטי בדווים (אוכלוסייתם כלולה ב""גרים מחוץ ליישובים"")"
ABU SUREIHAN,935,460,other,"שבטי בדווים (אוכלוסייתם כלולה ב""גרים מחוץ ליישובים"")"
ABU ABDUN,958,460,other,"שבטי בדווים (אוכלוסייתם כלולה ב""גרים מחוץ ליישובים"")"
ABU AMMAR,1042,460,other,"שבטי בדווים (אוכלוסייתם כלולה ב""גרים מחוץ ליישובים"")"
ABU AMRE,932,460,other,"שבטי בדווים (אוכלוסייתם כלולה ב""גרים מחוץ ליישובים"")"
ABU QUREINAT,968,460,other,"שבטי בדווים (אוכלוסייתם כלולה ב""גרים מחוץ ליישובים"")"
ABU RUBEI'A,966,460,other,"שבטי בדווים (אוכלוסייתם כלולה ב""גרים מחוץ ליישובים"")"
ABU RUQAYYEQ,961,460,other,"שבטי בדווים (אוכלוסייתם כלולה ב""גרים מחוץ ליישובים"")"
ATRASH,965,460,other,"שבטי בדווים (אוכלוסייתם כלולה ב""גרים מחוץ ליישובים"")"
ASAD,960,460,other,"שבטי בדווים (אוכלוסייתם כלולה ב""גרים מחוץ ליישובים"")"
A'SAM,963,460,other,"שבטי בדווים (אוכלוסייתם כלולה ב""גרים מחוץ ליישובים"")"
AFEINISH,959,460,other,"שבטי בדווים (אוכלוסייתם כלולה ב""גרים מחוץ ליישובים"")"
JUNNABIB,976,460,other,"שבטי בדווים (אוכלוסייתם כלולה ב""גרים מחוץ ליישובים"")"
HAWASHLA,1169,460,other,"שבטי בדווים (אוכלוסייתם כלולה ב""גרים מחוץ ליישובים"")"
HUZAYYEL,956,460,other,"שבטי בדווים (אוכלוסייתם כלולה ב""גרים מחוץ ליישובים"")"
ZABARGA,2742,460,other,"שבטי בדווים (אוכלוסייתם כלולה ב""גרים מחוץ ליישובים"")"
KHAWALED,986,460,other,"שבטי בדווים (אוכלוסייתם כלולה ב""גרים מחוץ ליישובים"")"
HUJEIRAT (DAHRA),948,460,other,"שבטי בדווים (אוכלוסייתם כלולה ב""גרים מחוץ ליישובים"")"
MAS'UDIN AL-'AZAZME,939,460,other,"שבטי בדווים (אוכלוסייתם כלולה ב""גרים מחוץ ליישובים"")"
NASASRA,1041,460,other,"שבטי בדווים (אוכלוסייתם כלולה ב""גרים מחוץ ליישובים"")"
SAWA'ID (KAMANE),989,460,other,"שבטי בדווים (אוכלוסייתם כלולה ב""גרים מחוץ ליישובים"")"
SAYYID,1170,460,other,"שבטי בדווים (אוכלוסייתם כלולה ב""גרים מחוץ ליישובים"")"
UQBI (BANU UQBA),957,460,other,"שבטי בדווים (אוכלוסייתם כלולה ב""גרים מחוץ ליישובים"")"
ATAWNE,969,460,other,"שבטי בדווים (אוכלוסייתם כלולה ב""גרים מחוץ ליישובים"")"
QABBO'A,1234,460,other,"שבטי בדווים (אוכלוסייתם כלולה ב""גרים מחוץ ליישובים"")"
QUDEIRAT AS-SANI,964,460,other,"שבטי בדווים (אוכלוסייתם כלולה ב""גרים מחוץ ליישובים"")"
QAWA'IN,972,460,other,"שבטי בדווים (אוכלוסייתם כלולה ב""גרים מחוץ ליישובים"")"
TARABIN AS-SANI,970,460,other,"שבטי בדווים (אוכלוסייתם כלולה ב""גרים מחוץ ליישובים"")"
AVIGAYIL,3869,510,other,"נקודה שאיננה יישוב (האוכלוסייה כלולה ב""גרים מחוץ ליישובים"")"
GIV'OT HARO'E,3862,510,other,"נקודה שאיננה יישוב (האוכלוסייה כלולה ב""גרים מחוץ ליישובים"")"
GIV'AT SHEMESH,566,510,other,"נקודה שאיננה יישוב (האוכלוסייה כלולה ב""גרים מחוץ ליישובים"")"
YA'EL,1117,510,other,"נקודה שאיננה יישוב (האוכלוסייה כלולה ב""גרים מחוץ ליישובים"")"
MAHANE HILLA,1411,510,other,"נקודה שאיננה יישוב (האוכלוסייה כלולה ב""גרים מחוץ ליישובים"")"
MAHANE TALI,1418,510,other,"נקודה שאיננה יישוב (האוכלוסייה כלולה ב""גרים מחוץ ליישובים"")"
MAHANE YEHUDIT,1413,510,other,"נקודה שאיננה יישוב (האוכלוסייה כלולה ב""גרים מחוץ ליישובים"")"
MAHANE YOKHEVED,1416,510,other,"נקודה שאיננה יישוב (האוכלוסייה כלולה ב""גרים מחוץ ליישובים"")"
MAHANE YAFA,1415,510,other,"נקודה שאיננה יישוב (האוכלוסייה כלולה ב""גרים מחוץ ליישובים"")"
MAHANE MIRYAM,1414,510,other,"נקודה שאיננה יישוב (האוכלוסייה כלולה ב""גרים מחוץ ליישובים"")"
MAHANE TEL NOF,1412,510,other,"נקודה שאיננה יישוב (האוכלוסייה כלולה ב""גרים מחוץ ליישובים"")"
MISHMAR YEHUDA,3865,510,other,"נקודה שאיננה יישוב (האוכלוסייה כלולה ב""גרים מחוץ ליישובים"")"
NIMROD,4035,510,other,"נקודה שאיננה יישוב (האוכלוסייה כלולה ב""גרים מחוץ ליישובים"")"
EN KAREM-B.S.HAQLA'I,1056,510,other,"נקודה שאיננה יישוב (האוכלוסייה כלולה ב""גרים מחוץ ליישובים"")"
IR OVOT,1187,510,other,"נקודה שאיננה יישוב (האוכלוסייה כלולה ב""גרים מחוץ ליישובים"")"
ASA'EL,3861,510,other,"נקודה שאיננה יישוב (האוכלוסייה כלולה ב""גרים מחוץ ליישובים"")"
ZOFIYYA,1111,510,other,"נקודה שאיננה יישוב (האוכלוסייה כלולה ב""גרים מחוץ ליישובים"")"
QEDMA,392,510,other,"נקודה שאיננה יישוב (האוכלוסייה כלולה ב""גרים מחוץ ליישובים"")"
SHAHARIT,3868,510,other,"נקודה שאיננה יישוב (האוכלוסייה כלולה ב""גרים מחוץ ליישובים"")"
SHITTIM,1267,510,other,"נקודה שאיננה יישוב (האוכלוסייה כלולה ב""גרים מחוץ ליישובים"")"
SHALVA BAMIDBAR,1373,510,other,"נקודה שאיננה יישוב (האוכלוסייה כלולה ב""גרים מחוץ ליישובים"")"
