source,year,raw_column,canonical_column,numeric_non_missing,kept,reason
demographic,2019,"צפיפות אוכלוסייה לקמ''ר ביישובים שמנו 5,000 תושבים ויותר","demographic__צפיפות אוכלוסייה לקמ''ר ביישובים שמנו 5,000 תושבים ויותר",174,True,numeric_feature
demographic,2019,"סה""כ  אוכלוסייה בסוף השנה","demographic__סה""כ  אוכלוסייה בסוף השנה",193,True,numeric_feature
demographic,2019,סך כל הישראלים,demographic__סך כל הישראלים,193,True,numeric_feature
demographic,2019,יהודים ואחרים (אחוזים מתוך כלל אוכלוסיית הישראלים),demographic__יהודים ואחרים (אחוזים מתוך כלל אוכלוסיית הישראלים,170,True,numeric_feature
demographic,2019,"יהודים 
(אחוזים מתוך יהודים ואחרים)","demographic__יהודים 
(אחוזים מתוך יהודים ואחרים",179,True,numeric_feature
demographic,2019,ערבים (אחוזים מתוך כלל אוכלוסיית הישראלים),demographic__ערבים (אחוזים מתוך כלל אוכלוסיית הישראלים,177,True,numeric_feature
demographic,2019,מוסלמים (אחוזים מתוך האוכלוסייה הערבית),demographic__מוסלמים (אחוזים מתוך האוכלוסייה הערבית,178,True,numeric_feature
demographic,2019,נוצרים (אחוזים מתוך האוכלוסייה הערבית),demographic__נוצרים (אחוזים מתוך האוכלוסייה הערבית,123,True,numeric_feature
demographic,2019,דרוזים (אחוזים מתוך האוכלוסייה הערבית),demographic__דרוזים (אחוזים מתוך האוכלוסייה הערבית,90,True,numeric_feature
demographic,2019,"סה""כ גברים בסוף השנה","demographic__סה""כ גברים בסוף השנה",193,True,numeric_feature
demographic,2019,"סה""כ נשים בסוף השנה","demographic__סה""כ נשים בסוף השנה",193,True,numeric_feature
demographic,2019,אחוז באוכלוסייה בסוף השנה בני 4-0,demographic__אחוז באוכלוסייה בסוף השנה בני 4-0,193,True,numeric_feature
demographic,2019,אחוז באוכלוסייה בסוף השנה בני 9-5,demographic__אחוז באוכלוסייה בסוף השנה בני 9-5,193,True,numeric_feature
demographic,2019,אחוז באוכלוסייה בסוף השנה בני 14-10,demographic__אחוז באוכלוסייה בסוף השנה בני 14-10,193,True,numeric_feature
demographic,2019,אחוז באוכלוסייה בסוף השנה בני 19-15,demographic__אחוז באוכלוסייה בסוף השנה בני 19-15,193,True,numeric_feature
demographic,2019,אחוז באוכלוסייה בסוף השנה בני 29-20,demographic__אחוז באוכלוסייה בסוף השנה בני 29-20,193,True,numeric_feature
demographic,2019,אחוז באוכלוסייה בסוף השנה בני 44-30,demographic__אחוז באוכלוסייה בסוף השנה בני 44-30,193,True,numeric_feature
demographic,2019,אחוז באוכלוסייה בסוף השנה בני 59-45,demographic__אחוז באוכלוסייה בסוף השנה בני 59-45,193,True,numeric_feature
demographic,2019,אחוז באוכלוסייה בסוף השנה בני 64-60,demographic__אחוז באוכלוסייה בסוף השנה בני 64-60,193,True,numeric_feature
demographic,2019,אחוז באוכלוסייה בסוף השנה בני 65 ומעלה,demographic__אחוז באוכלוסייה בסוף השנה בני 65 ומעלה,193,True,numeric_feature
demographic,2019,אחוז באוכלוסייה בסוף השנה בני 17-0,demographic__אחוז באוכלוסייה בסוף השנה בני 17-0,193,True,numeric_feature
demographic,2019,אחוז באוכלוסייה בסוף השנה בני 75 ומעלה,demographic__אחוז באוכלוסייה בסוף השנה בני 75 ומעלה,193,True,numeric_feature
demographic,2019,"יחס תלות (ל-1,000 תושבים בלתי תלויים)","demographic__יחס תלות (ל-1,000 תושבים בלתי תלויים",193,True,numeric_feature
demographic,2019,לידות חי,demographic__לידות חי,193,True,numeric_feature
demographic,2019,שיעור פריון כולל,demographic__שיעור פריון כולל,141,True,numeric_feature
demographic,2019,פטירות תינוקות (ממוצע),demographic__פטירות תינוקות (ממוצע,164,True,numeric_feature
demographic,2019,"שיעור פטירות תינוקות ל-1,000 לידות חי","demographic__שיעור פטירות תינוקות ל-1,000 לידות חי",24,True,numeric_feature
demographic,2019,פטירות,demographic__פטירות,193,True,numeric_feature
demographic,2019,"שיעור פטירות מתוקנן ל-1,000 תושבים","demographic__שיעור פטירות מתוקנן ל-1,000 תושבים",180,True,numeric_feature
demographic,2019,"ריבוי טבעי
סה""כ","demographic__ריבוי טבעי
סה""כ",193,True,numeric_feature
demographic,2019,"ריבוי טבעי  ל-1,000 תושבים","demographic__ריבוי טבעי  ל-1,000 תושבים",193,True,numeric_feature
demographic,2019,אחוז גידול האוכלוסייה לעומת השנה הקודמת,demographic__אחוז גידול האוכלוסייה לעומת השנה הקודמת,193,True,numeric_feature
demographic,2019,אחוז עולי 1990+ מסך האוכלוסייה,demographic__אחוז עולי 1990+ מסך האוכלוסייה,193,True,numeric_feature
demographic,2019,השתקעות ראשונה של עולים,demographic__השתקעות ראשונה של עולים,109,True,numeric_feature
demographic,2019,אחוז עולים בהשתקעות ראשונה בני 17-0,demographic__אחוז עולים בהשתקעות ראשונה בני 17-0,112,True,numeric_feature
demographic,2019,אחוז עולים בהשתקעות ראשונה בני 44-18,demographic__אחוז עולים בהשתקעות ראשונה בני 44-18,123,True,numeric_feature
demographic,2019,אחוז עולים בהשתקעות ראשונה בני 64-45,demographic__אחוז עולים בהשתקעות ראשונה בני 64-45,124,True,numeric_feature
demographic,2019,אחוז עולים בהשתקעות ראשונה בני 65 ומעלה,demographic__אחוז עולים בהשתקעות ראשונה בני 65 ומעלה,124,True,numeric_feature
demographic,2019,"מאזן הגירה ביישוב
סה""כ","demographic__מאזן הגירה ביישוב
סה""כ",193,True,numeric_feature
demographic,2019,מאזן הגירה פנימית,demographic__מאזן הגירה פנימית,188,True,numeric_feature
demographic,2019,"נכנסים מיישובים אחרים סה""כ","demographic__נכנסים מיישובים אחרים סה""כ",188,True,numeric_feature
demographic,2019,נכנסים מיישובים אחרים גברים,demographic__נכנסים מיישובים אחרים גברים,186,True,numeric_feature
demographic,2019,נכנסים מיישובים אחרים נשים,demographic__נכנסים מיישובים אחרים נשים,188,True,numeric_feature
demographic,2019,נכנסים מיישובים אחרים עד גיל 14,demographic__נכנסים מיישובים אחרים עד גיל 14,185,True,numeric_feature
demographic,2019,נכנסים מיישובים אחרים גיל 29-15,demographic__נכנסים מיישובים אחרים גיל 29-15,186,True,numeric_feature
demographic,2019,נכנסים מיישובים אחרים גיל 64-30,demographic__נכנסים מיישובים אחרים גיל 64-30,186,True,numeric_feature
demographic,2019,נכנסים מיישובים אחרים גיל 65 ומעלה,demographic__נכנסים מיישובים אחרים גיל 65 ומעלה,115,True,numeric_feature
demographic,2019,"יוצאים ליישובים אחרים סה""כ","demographic__יוצאים ליישובים אחרים סה""כ",193,True,numeric_feature
demographic,2019,יוצאים ליישובים אחרים גברים,demographic__יוצאים ליישובים אחרים גברים,188,True,numeric_feature
demographic,2019,יוצאים ליישובים אחרים נשים,demographic__יוצאים ליישובים אחרים נשים,190,True,numeric_feature
demographic,2019,יוצאים ליישובים אחרים עד גיל 14,demographic__יוצאים ליישובים אחרים עד גיל 14,185,True,numeric_feature
demographic,2019,יוצאים ליישובים אחרים גיל 29-15,demographic__יוצאים ליישובים אחרים גיל 29-15,190,True,numeric_feature
demographic,2019,יוצאים ליישובים אחרים גיל 64-30,demographic__יוצאים ליישובים אחרים גיל 64-30,187,True,numeric_feature
demographic,2019,יוצאים ליישובים אחרים גיל 65 ומעלה,demographic__יוצאים ליישובים אחרים גיל 65 ומעלה,119,True,numeric_feature
demographic,2019,הגירה בתוך הרשות המקומית,demographic__הגירה בתוך הרשות המקומית,153,True,numeric_feature
demographic,2019,"נישאים סה""כ גברים ונשים","demographic__נישאים סה""כ גברים ונשים",192,True,numeric_feature
demographic,2019,"נישאים שיעור ל-1,000 תושבים לא נשואים בני 15 ומעלה","demographic__נישאים שיעור ל-1,000 תושבים לא נשואים בני 15 ומעלה",192,True,numeric_feature
demographic,2019,"מתגרשים סה""כ גברים ונשים","demographic__מתגרשים סה""כ גברים ונשים",191,True,numeric_feature
demographic,2019,"מתגרשים שיעור ל-1,000 תושבים נשואים בני 15 ומעלה","demographic__מתגרשים שיעור ל-1,000 תושבים נשואים בני 15 ומעלה",190,True,numeric_feature
demographic,2020,"צפיפות אוכלוסייה לקמ''ר ביישובים שמנו 5,000 תושבים ויותר","demographic__צפיפות אוכלוסייה לקמ''ר ביישובים שמנו 5,000 תושבים ויותר",163,True,numeric_feature
demographic,2020,"סה""כ  אוכלוסייה בסוף השנה","demographic__סה""כ  אוכלוסייה בסוף השנה",201,True,numeric_feature
demographic,2020,יהודים ואחרים (אחוזים מתוך כלל אוכלוסיית הישראלים),demographic__יהודים ואחרים (אחוזים מתוך כלל אוכלוסיית הישראלים,120,True,numeric_feature
demographic,2020,"יהודים 
(אחוזים מתוך יהודים ואחרים)","demographic__יהודים 
(אחוזים מתוך יהודים ואחרים",120,True,numeric_feature
demographic,2020,ערבים (אחוזים),demographic__ערבים (אחוזים,91,True,numeric_feature
demographic,2020,מוסלמים (אחוזים מתוך האוכלוסייה הערבית),demographic__מוסלמים (אחוזים מתוך האוכלוסייה הערבית,87,True,numeric_feature
demographic,2020,נוצרים (אחוזים מתוך האוכלוסייה הערבית),demographic__נוצרים (אחוזים מתוך האוכלוסייה הערבית,35,True,numeric_feature
demographic,2020,דרוזים (אחוזים מתוך האוכלוסייה הערבית),demographic__דרוזים (אחוזים מתוך האוכלוסייה הערבית,29,True,numeric_feature
demographic,2020,"סה""כ גברים בסוף השנה","demographic__סה""כ גברים בסוף השנה",201,True,numeric_feature
demographic,2020,"סה""כ נשים בסוף השנה","demographic__סה""כ נשים בסוף השנה",201,True,numeric_feature
demographic,2020,אחוז באוכלוסייה בסוף השנה בני 4-0,demographic__אחוז באוכלוסייה בסוף השנה בני 4-0,201,True,numeric_feature
demographic,2020,אחוז באוכלוסייה בסוף השנה בני 9-5,demographic__אחוז באוכלוסייה בסוף השנה בני 9-5,201,True,numeric_feature
demographic,2020,אחוז באוכלוסייה בסוף השנה בני 14-10,demographic__אחוז באוכלוסייה בסוף השנה בני 14-10,201,True,numeric_feature
demographic,2020,אחוז באוכלוסייה בסוף השנה בני 19-15,demographic__אחוז באוכלוסייה בסוף השנה בני 19-15,201,True,numeric_feature
demographic,2020,אחוז באוכלוסייה בסוף השנה בני 29-20,demographic__אחוז באוכלוסייה בסוף השנה בני 29-20,201,True,numeric_feature
demographic,2020,אחוז באוכלוסייה בסוף השנה בני 44-30,demographic__אחוז באוכלוסייה בסוף השנה בני 44-30,201,True,numeric_feature
demographic,2020,אחוז באוכלוסייה בסוף השנה בני 59-45,demographic__אחוז באוכלוסייה בסוף השנה בני 59-45,201,True,numeric_feature
demographic,2020,אחוז באוכלוסייה בסוף השנה בני 64-60,demographic__אחוז באוכלוסייה בסוף השנה בני 64-60,201,True,numeric_feature
demographic,2020,אחוז באוכלוסייה בסוף השנה בני 65 ומעלה,demographic__אחוז באוכלוסייה בסוף השנה בני 65 ומעלה,201,True,numeric_feature
demographic,2020,אחוז באוכלוסייה בסוף השנה בני 17-0,demographic__אחוז באוכלוסייה בסוף השנה בני 17-0,201,True,numeric_feature
demographic,2020,אחוז באוכלוסייה בסוף השנה בני 75 ומעלה,demographic__אחוז באוכלוסייה בסוף השנה בני 75 ומעלה,201,True,numeric_feature
demographic,2020,"יחס תלות (ל-1,000 תושבים בלתי תלויים)","demographic__יחס תלות (ל-1,000 תושבים בלתי תלויים",201,True,numeric_feature
demographic,2020,לידות חי,demographic__לידות חי,201,True,numeric_feature
demographic,2020,שיעור פריון כולל,demographic__שיעור פריון כולל,134,True,numeric_feature
demographic,2020,פטירות תינוקות (ממוצע),demographic__פטירות תינוקות (ממוצע,169,True,numeric_feature
demographic,2020,"שיעור פטירות תינוקות ל-1,000 לידות חי","demographic__שיעור פטירות תינוקות ל-1,000 לידות חי",23,True,numeric_feature
demographic,2020,פטירות,demographic__פטירות,201,True,numeric_feature
demographic,2020,"שיעור פטירות מתוקנן ל-1,000 תושבים","demographic__שיעור פטירות מתוקנן ל-1,000 תושבים",201,True,numeric_feature
demographic,2020,"ריבוי טבעי
סה""כ","demographic__ריבוי טבעי
סה""כ",201,True,numeric_feature
demographic,2020,"ריבוי טבעי  ל-1,000 תושבים","demographic__ריבוי טבעי  ל-1,000 תושבים",201,True,numeric_feature
demographic,2020,אחוז גידול האוכלוסייה לעומת השנה הקודמת,demographic__אחוז גידול האוכלוסייה לעומת השנה הקודמת,201,True,numeric_feature
demographic,2020,אחוז עולי 1990+ מסך האוכלוסייה,demographic__אחוז עולי 1990+ מסך האוכלוסייה,201,True,numeric_feature
demographic,2020,השתקעות ראשונה של עולים,demographic__השתקעות ראשונה של עולים,178,True,numeric_feature
demographic,2020,אחוז עולים בהשתקעות ראשונה בני 17-0,demographic__אחוז עולים בהשתקעות ראשונה בני 17-0,178,True,numeric_feature
demographic,2020,אחוז עולים בהשתקעות ראשונה בני 44-18,demographic__אחוז עולים בהשתקעות ראשונה בני 44-18,178,True,numeric_feature
demographic,2020,אחוז עולים בהשתקעות ראשונה בני 64-45,demographic__אחוז עולים בהשתקעות ראשונה בני 64-45,178,True,numeric_feature
demographic,2020,אחוז עולים בהשתקעות ראשונה בני 65 ומעלה,demographic__אחוז עולים בהשתקעות ראשונה בני 65 ומעלה,178,True,numeric_feature
demographic,2020,"מאזן הגירה ביישוב
סה""כ","demographic__מאזן הגירה ביישוב
סה""כ",199,True,numeric_feature
demographic,2020,מאזן הגירה פנימית,demographic__מאזן הגירה פנימית,199,True,numeric_feature
demographic,2020,"נכנסים מיישובים אחרים סה""כ","demographic__נכנסים מיישובים אחרים סה""כ",201,True,numeric_feature
demographic,2020,נכנסים מיישובים אחרים גברים,demographic__נכנסים מיישובים אחרים גברים,201,True,numeric_feature
demographic,2020,נכנסים מיישובים אחרים נשים,demographic__נכנסים מיישובים אחרים נשים,201,True,numeric_feature
demographic,2020,נכנסים מיישובים אחרים עד גיל 14,demographic__נכנסים מיישובים אחרים עד גיל 14,200,True,numeric_feature
demographic,2020,נכנסים מיישובים אחרים גיל 29-15,demographic__נכנסים מיישובים אחרים גיל 29-15,200,True,numeric_feature
demographic,2020,נכנסים מיישובים אחרים גיל 64-30,demographic__נכנסים מיישובים אחרים גיל 64-30,201,True,numeric_feature
demographic,2020,נכנסים מיישובים אחרים גיל 65 ומעלה,demographic__נכנסים מיישובים אחרים גיל 65 ומעלה,155,True,numeric_feature
demographic,2020,"יוצאים ליישובים אחרים סה""כ","demographic__יוצאים ליישובים אחרים סה""כ",201,True,numeric_feature
demographic,2020,יוצאים ליישובים אחרים גברים,demographic__יוצאים ליישובים אחרים גברים,200,True,numeric_feature
demographic,2020,יוצאים ליישובים אחרים נשים,demographic__יוצאים ליישובים אחרים נשים,201,True,numeric_feature
demographic,2020,יוצאים ליישובים אחרים עד גיל 14,demographic__יוצאים ליישובים אחרים עד גיל 14,198,True,numeric_feature
demographic,2020,יוצאים ליישובים אחרים גיל 29-15,demographic__יוצאים ליישובים אחרים גיל 29-15,201,True,numeric_feature
demographic,2020,יוצאים ליישובים אחרים גיל 64-30,demographic__יוצאים ליישובים אחרים גיל 64-30,200,True,numeric_feature
demographic,2020,יוצאים ליישובים אחרים גיל 65 ומעלה,demographic__יוצאים ליישובים אחרים גיל 65 ומעלה,153,True,numeric_feature
demographic,2020,הגירה בתוך הרשות המקומית,demographic__הגירה בתוך הרשות המקומית,192,True,numeric_feature
demographic,2020,"נישאים סה""כ גברים ונשים","demographic__נישאים סה""כ גברים ונשים",201,True,numeric_feature
demographic,2020,"נישאים שיעור ל-1,000 תושבים לא נשואים בני 15 ומעלה","demographic__נישאים שיעור ל-1,000 תושבים לא נשואים בני 15 ומעלה",201,True,numeric_feature
demographic,2020,"מתגרשים סה""כ גברים ונשים","demographic__מתגרשים סה""כ גברים ונשים",200,True,numeric_feature
demographic,2020,"מתגרשים שיעור ל-1,000 תושבים נשואים בני 15 ומעלה","demographic__מתגרשים שיעור ל-1,000 תושבים נשואים בני 15 ומעלה",196,True,numeric_feature
demographic,2020,אוכלוסיית דיור משותף (אחוז מתוך אוכלוסיית הרשות) סך מוסדות דיור משותף ברשות,demographic__אוכלוסיית דיור משותף (אחוז מתוך אוכלוסיית הרשות) סך מוסדות דיור משותף ברשות,98,True,numeric_feature
demographic,2020,אוכלוסיית דיור משותף (אחוז מתוך אוכלוסיית הרשות) סך דיירי דיור משותף ברשות,demographic__אוכלוסיית דיור משותף (אחוז מתוך אוכלוסיית הרשות) סך דיירי דיור משותף ברשות,98,True,numeric_feature
demographic,2020,אוכלוסיית דיור משותף (אחוז מתוך אוכלוסיית הרשות) אחוז דיירים בבתי אבות ובדיור מוגן,demographic__אוכלוסיית דיור משותף (אחוז מתוך אוכלוסיית הרשות) אחוז דיירים בבתי אבות ובדיור מוגן,63,True,numeric_feature
demographic,2020,אוכלוסיית דיור משותף (אחוז מתוך אוכלוסיית הרשות) אחוז דיירים במוסדות חינוך,demographic__אוכלוסיית דיור משותף (אחוז מתוך אוכלוסיית הרשות) אחוז דיירים במוסדות חינוך,57,True,numeric_feature
demographic,2020,אוכלוסיית דיור משותף (אחוז מתוך אוכלוסיית הרשות) אחוז דיירים במוסדות דת,demographic__אוכלוסיית דיור משותף (אחוז מתוך אוכלוסיית הרשות) אחוז דיירים במוסדות דת,62,True,numeric_feature
demographic,2020,אוכלוסיית דיור משותף (אחוז מתוך אוכלוסיית הרשות) אחוז דיירים במוסדות אשפוז כולל הוסטלים,demographic__אוכלוסיית דיור משותף (אחוז מתוך אוכלוסיית הרשות) אחוז דיירים במוסדות אשפוז כולל הוסטלים,71,True,numeric_feature
demographic,2020,אוכלוסיית דיור משותף (אחוז מתוך אוכלוסיית הרשות) אחוז דיירים במוסדות אחרים,demographic__אוכלוסיית דיור משותף (אחוז מתוך אוכלוסיית הרשות) אחוז דיירים במוסדות אחרים,67,True,numeric_feature
demographic,2021,"צפיפות אוכלוסייה לקמ''ר ביישובים שמנו 5,000 תושבים ויותר","demographic__צפיפות אוכלוסייה לקמ''ר ביישובים שמנו 5,000 תושבים ויותר",164,True,numeric_feature
demographic,2021,"סה""כ  אוכלוסייה בסוף השנה","demographic__סה""כ  אוכלוסייה בסוף השנה",201,True,numeric_feature
demographic,2021,יהודים ואחרים (אחוזים),demographic__יהודים ואחרים (אחוזים,120,True,numeric_feature
demographic,2021,"יהודים 
(אחוזים מתוך יהודים ואחרים)","demographic__יהודים 
(אחוזים מתוך יהודים ואחרים",120,True,numeric_feature
demographic,2021,ערבים (אחוזים),demographic__ערבים (אחוזים,91,True,numeric_feature
demographic,2021,מוסלמים (אחוזים מתוך האוכלוסייה הערבית),demographic__מוסלמים (אחוזים מתוך האוכלוסייה הערבית,86,True,numeric_feature
demographic,2021,נוצרים (אחוזים מתוך האוכלוסייה הערבית),demographic__נוצרים (אחוזים מתוך האוכלוסייה הערבית,35,True,numeric_feature
demographic,2021,דרוזים (אחוזים מתוך האוכלוסייה הערבית),demographic__דרוזים (אחוזים מתוך האוכלוסייה הערבית,29,True,numeric_feature
demographic,2021,"סה""כ גברים בסוף השנה","demographic__סה""כ גברים בסוף השנה",201,True,numeric_feature
demographic,2021,"סה""כ נשים בסוף השנה","demographic__סה""כ נשים בסוף השנה",201,True,numeric_feature
demographic,2021,אחוז באוכלוסייה בסוף השנה בני 4-0,demographic__אחוז באוכלוסייה בסוף השנה בני 4-0,201,True,numeric_feature
demographic,2021,אחוז באוכלוסייה בסוף השנה בני 9-5,demographic__אחוז באוכלוסייה בסוף השנה בני 9-5,201,True,numeric_feature
demographic,2021,אחוז באוכלוסייה בסוף השנה בני 14-10,demographic__אחוז באוכלוסייה בסוף השנה בני 14-10,201,True,numeric_feature
demographic,2021,אחוז באוכלוסייה בסוף השנה בני 19-15,demographic__אחוז באוכלוסייה בסוף השנה בני 19-15,201,True,numeric_feature
demographic,2021,אחוז באוכלוסייה בסוף השנה בני 29-20,demographic__אחוז באוכלוסייה בסוף השנה בני 29-20,201,True,numeric_feature
demographic,2021,אחוז באוכלוסייה בסוף השנה בני 44-30,demographic__אחוז באוכלוסייה בסוף השנה בני 44-30,201,True,numeric_feature
demographic,2021,אחוז באוכלוסייה בסוף השנה בני 59-45,demographic__אחוז באוכלוסייה בסוף השנה בני 59-45,201,True,numeric_feature
demographic,2021,אחוז באוכלוסייה בסוף השנה בני 64-60,demographic__אחוז באוכלוסייה בסוף השנה בני 64-60,201,True,numeric_feature
demographic,2021,אחוז באוכלוסייה בסוף השנה בני 65 ומעלה,demographic__אחוז באוכלוסייה בסוף השנה בני 65 ומעלה,201,True,numeric_feature
demographic,2021,אחוז באוכלוסייה בסוף השנה בני 17-0,demographic__אחוז באוכלוסייה בסוף השנה בני 17-0,201,True,numeric_feature
demographic,2021,אחוז באוכלוסייה בסוף השנה בני 75 ומעלה,demographic__אחוז באוכלוסייה בסוף השנה בני 75 ומעלה,201,True,numeric_feature
demographic,2021,"יחס תלות (ל-1,000 תושבים בלתי תלויים)","demographic__יחס תלות (ל-1,000 תושבים בלתי תלויים",201,True,numeric_feature
demographic,2021,לידות חי,demographic__לידות חי,201,True,numeric_feature
demographic,2021,שיעור פריון כולל,demographic__שיעור פריון כולל,138,True,numeric_feature
demographic,2021,פטירות תינוקות (ממוצע),demographic__פטירות תינוקות (ממוצע,169,True,numeric_feature
demographic,2021,"שיעור פטירות תינוקות ל-1,000 לידות חי","demographic__שיעור פטירות תינוקות ל-1,000 לידות חי",24,True,numeric_feature
demographic,2021,פטירות,demographic__פטירות,201,True,numeric_feature
demographic,2021,"שיעור פטירות מתוקנן ל-1,000 תושבים","demographic__שיעור פטירות מתוקנן ל-1,000 תושבים",176,True,numeric_feature
demographic,2021,"ריבוי טבעי
סה""כ","demographic__ריבוי טבעי
סה""כ",201,True,numeric_feature
demographic,2021,"ריבוי טבעי  ל-1,000 תושבים","demographic__ריבוי טבעי  ל-1,000 תושבים",201,True,numeric_feature
demographic,2021,אחוז גידול האוכלוסייה לעומת השנה הקודמת,demographic__אחוז גידול האוכלוסייה לעומת השנה הקודמת,201,True,numeric_feature
demographic,2021,אחוז עולי 1990+ מסך האוכלוסייה,demographic__אחוז עולי 1990+ מסך האוכלוסייה,201,True,numeric_feature
demographic,2021,השתקעות ראשונה של עולים,demographic__השתקעות ראשונה של עולים,176,True,numeric_feature
demographic,2021,אחוז עולים בהשתקעות ראשונה בני 17-0,demographic__אחוז עולים בהשתקעות ראשונה בני 17-0,176,True,numeric_feature
demographic,2021,אחוז עולים בהשתקעות ראשונה בני 44-18,demographic__אחוז עולים בהשתקעות ראשונה בני 44-18,176,True,numeric_feature
demographic,2021,אחוז עולים בהשתקעות ראשונה בני 64-45,demographic__אחוז עולים בהשתקעות ראשונה בני 64-45,176,True,numeric_feature
demographic,2021,אחוז עולים בהשתקעות ראשונה בני 65 ומעלה,demographic__אחוז עולים בהשתקעות ראשונה בני 65 ומעלה,176,True,numeric_feature
demographic,2021,"מאזן הגירה ביישוב
סה""כ","demographic__מאזן הגירה ביישוב
סה""כ",201,True,numeric_feature
demographic,2021,מאזן הגירה פנימית,demographic__מאזן הגירה פנימית,201,True,numeric_feature
demographic,2021,"נכנסים מיישובים אחרים סה""כ","demographic__נכנסים מיישובים אחרים סה""כ",201,True,numeric_feature
demographic,2021,נכנסים מיישובים אחרים גברים,demographic__נכנסים מיישובים אחרים גברים,201,True,numeric_feature
demographic,2021,נכנסים מיישובים אחרים נשים,demographic__נכנסים מיישובים אחרים נשים,201,True,numeric_feature
demographic,2021,נכנסים מיישובים אחרים עד גיל 14,demographic__נכנסים מיישובים אחרים עד גיל 14,201,True,numeric_feature
demographic,2021,נכנסים מיישובים אחרים גיל 29-15,demographic__נכנסים מיישובים אחרים גיל 29-15,201,True,numeric_feature
demographic,2021,נכנסים מיישובים אחרים גיל 64-30,demographic__נכנסים מיישובים אחרים גיל 64-30,201,True,numeric_feature
demographic,2021,נכנסים מיישובים אחרים גיל 65 ומעלה,demographic__נכנסים מיישובים אחרים גיל 65 ומעלה,201,True,numeric_feature
demographic,2021,"יוצאים ליישובים אחרים סה""כ","demographic__יוצאים ליישובים אחרים סה""כ",201,True,numeric_feature
demographic,2021,יוצאים ליישובים אחרים גברים,demographic__יוצאים ליישובים אחרים גברים,201,True,numeric_feature
demographic,2021,יוצאים ליישובים אחרים נשים,demographic__יוצאים ליישובים אחרים נשים,201,True,numeric_feature
demographic,2021,יוצאים ליישובים אחרים עד גיל 14,demographic__יוצאים ליישובים אחרים עד גיל 14,201,True,numeric_feature
demographic,2021,יוצאים ליישובים אחרים גיל 29-15,demographic__יוצאים ליישובים אחרים גיל 29-15,201,True,numeric_feature
demographic,2021,יוצאים ליישובים אחרים גיל 64-30,demographic__יוצאים ליישובים אחרים גיל 64-30,201,True,numeric_feature
demographic,2021,יוצאים ליישובים אחרים גיל 65 ומעלה,demographic__יוצאים ליישובים אחרים גיל 65 ומעלה,201,True,numeric_feature
demographic,2021,הגירה בתוך הרשות המקומית,demographic__הגירה בתוך הרשות המקומית,201,True,numeric_feature
demographic,2021,"נישאים סה""כ גברים ונשים","demographic__נישאים סה""כ גברים ונשים",201,True,numeric_feature
demographic,2021,"נישאים שיעור ל-1,000 תושבים לא נשואים בני 15 ומעלה","demographic__נישאים שיעור ל-1,000 תושבים לא נשואים בני 15 ומעלה",201,True,numeric_feature
demographic,2021,"מתגרשים סה""כ גברים ונשים","demographic__מתגרשים סה""כ גברים ונשים",200,True,numeric_feature
demographic,2021,"מתגרשים שיעור ל-1,000 תושבים נשואים בני 15 ומעלה","demographic__מתגרשים שיעור ל-1,000 תושבים נשואים בני 15 ומעלה",198,True,numeric_feature
demographic,2021,אוכלוסיית דיור משותף (אחוז מתוך אוכלוסיית הרשות) סך מוסדות דיור משותף ברשות,demographic__אוכלוסיית דיור משותף (אחוז מתוך אוכלוסיית הרשות) סך מוסדות דיור משותף ברשות,98,True,numeric_feature
demographic,2021,אוכלוסיית דיור משותף (אחוז מתוך אוכלוסיית הרשות) סך דיירי דיור משותף ברשות,demographic__אוכלוסיית דיור משותף (אחוז מתוך אוכלוסיית הרשות) סך דיירי דיור משותף ברשות,98,True,numeric_feature
demographic,2021,אוכלוסיית דיור משותף (אחוז מתוך אוכלוסיית הרשות) אחוז דיירים בבתי אבות ובדיור מוגן,demographic__אוכלוסיית דיור משותף (אחוז מתוך אוכלוסיית הרשות) אחוז דיירים בבתי אבות ובדיור מוגן,63,True,numeric_feature
demographic,2021,אוכלוסיית דיור משותף (אחוז מתוך אוכלוסיית הרשות) אחוז דיירים במוסדות חינוך,demographic__אוכלוסיית דיור משותף (אחוז מתוך אוכלוסיית הרשות) אחוז דיירים במוסדות חינוך,57,True,numeric_feature
demographic,2021,אוכלוסיית דיור משותף (אחוז מתוך אוכלוסיית הרשות) אחוז דיירים במוסדות דת,demographic__אוכלוסיית דיור משותף (אחוז מתוך אוכלוסיית הרשות) אחוז דיירים במוסדות דת,62,True,numeric_feature
demographic,2021,אוכלוסיית דיור משותף (אחוז מתוך אוכלוסיית הרשות) אחוז דיירים במוסדות אשפוז כולל הוסטלים,demographic__אוכלוסיית דיור משותף (אחוז מתוך אוכלוסיית הרשות) אחוז דיירים במוסדות אשפוז כולל הוסטלים,71,True,numeric_feature
demographic,2021,אוכלוסיית דיור משותף (אחוז מתוך אוכלוסיית הרשות) אחוז דיירים במוסדות אחרים,demographic__אוכלוסיית דיור משותף (אחוז מתוך אוכלוסיית הרשות) אחוז דיירים במוסדות אחרים,67,True,numeric_feature
demographic,2022,"צפיפות אוכלוסייה לקמ''ר ביישובים שמנו 5,000 תושבים ויותר","demographic__צפיפות אוכלוסייה לקמ''ר ביישובים שמנו 5,000 תושבים ויותר",164,True,numeric_feature
demographic,2022,"סה""כ  אוכלוסייה בסוף השנה","demographic__סה""כ  אוכלוסייה בסוף השנה",202,True,numeric_feature
demographic,2022,יהודים ואחרים (אחוזים),demographic__יהודים ואחרים (אחוזים,122,True,numeric_feature
demographic,2022,"יהודים 
(אחוזים מתוך יהודים ואחרים)","demographic__יהודים 
(אחוזים מתוך יהודים ואחרים",122,True,numeric_feature
demographic,2022,ערבים (אחוזים),demographic__ערבים (אחוזים,94,True,numeric_feature
demographic,2022,מוסלמים (אחוזים מתוך האוכלוסייה הערבית),demographic__מוסלמים (אחוזים מתוך האוכלוסייה הערבית,89,True,numeric_feature
demographic,2022,נוצרים (אחוזים מתוך האוכלוסייה הערבית),demographic__נוצרים (אחוזים מתוך האוכלוסייה הערבית,51,True,numeric_feature
demographic,2022,דרוזים (אחוזים מתוך האוכלוסייה הערבית),demographic__דרוזים (אחוזים מתוך האוכלוסייה הערבית,30,True,numeric_feature
demographic,2022,"סה""כ גברים בסוף השנה","demographic__סה""כ גברים בסוף השנה",202,True,numeric_feature
demographic,2022,"סה""כ נשים בסוף השנה","demographic__סה""כ נשים בסוף השנה",202,True,numeric_feature
demographic,2022,אחוז באוכלוסייה בסוף השנה בני 4-0,demographic__אחוז באוכלוסייה בסוף השנה בני 4-0,202,True,numeric_feature
demographic,2022,אחוז באוכלוסייה בסוף השנה בני 9-5,demographic__אחוז באוכלוסייה בסוף השנה בני 9-5,202,True,numeric_feature
demographic,2022,אחוז באוכלוסייה בסוף השנה בני 14-10,demographic__אחוז באוכלוסייה בסוף השנה בני 14-10,202,True,numeric_feature
demographic,2022,אחוז באוכלוסייה בסוף השנה בני 19-15,demographic__אחוז באוכלוסייה בסוף השנה בני 19-15,202,True,numeric_feature
demographic,2022,אחוז באוכלוסייה בסוף השנה בני 29-20,demographic__אחוז באוכלוסייה בסוף השנה בני 29-20,202,True,numeric_feature
demographic,2022,אחוז באוכלוסייה בסוף השנה בני 44-30,demographic__אחוז באוכלוסייה בסוף השנה בני 44-30,202,True,numeric_feature
demographic,2022,אחוז באוכלוסייה בסוף השנה בני 59-45,demographic__אחוז באוכלוסייה בסוף השנה בני 59-45,202,True,numeric_feature
demographic,2022,אחוז באוכלוסייה בסוף השנה בני 64-60,demographic__אחוז באוכלוסייה בסוף השנה בני 64-60,202,True,numeric_feature
demographic,2022,אחוז באוכלוסייה בסוף השנה בני 65 ומעלה,demographic__אחוז באוכלוסייה בסוף השנה בני 65 ומעלה,202,True,numeric_feature
demographic,2022,אחוז באוכלוסייה בסוף השנה בני 17-0,demographic__אחוז באוכלוסייה בסוף השנה בני 17-0,202,True,numeric_feature
demographic,2022,אחוז באוכלוסייה בסוף השנה בני 75 ומעלה,demographic__אחוז באוכלוסייה בסוף השנה בני 75 ומעלה,202,True,numeric_feature
demographic,2022,"יחס תלות (ל-1,000 תושבים בלתי תלויים)","demographic__יחס תלות (ל-1,000 תושבים בלתי תלויים",202,True,numeric_feature
demographic,2022,לידות חי,demographic__לידות חי,202,True,numeric_feature
demographic,2022,שיעור פריון כולל,demographic__שיעור פריון כולל,140,True,numeric_feature
demographic,2022,פטירות תינוקות (ממוצע),demographic__פטירות תינוקות (ממוצע,171,True,numeric_feature
demographic,2022,"שיעור פטירות תינוקות ל-1,000 לידות חי","demographic__שיעור פטירות תינוקות ל-1,000 לידות חי",26,True,numeric_feature
demographic,2022,פטירות,demographic__פטירות,202,True,numeric_feature
demographic,2022,"שיעור פטירות מתוקנן ל-1,000 תושבים","demographic__שיעור פטירות מתוקנן ל-1,000 תושבים",176,True,numeric_feature
demographic,2022,"ריבוי טבעי
סה""כ","demographic__ריבוי טבעי
סה""כ",202,True,numeric_feature
demographic,2022,"ריבוי טבעי  ל-1,000 תושבים","demographic__ריבוי טבעי  ל-1,000 תושבים",202,True,numeric_feature
demographic,2022,אחוז גידול האוכלוסייה לעומת השנה הקודמת,demographic__אחוז גידול האוכלוסייה לעומת השנה הקודמת,202,True,numeric_feature
demographic,2022,אחוז עולי 1990+ מסך האוכלוסייה,demographic__אחוז עולי 1990+ מסך האוכלוסייה,144,True,numeric_feature
demographic,2022,השתקעות ראשונה של עולים,demographic__השתקעות ראשונה של עולים,105,True,numeric_feature
demographic,2022,אחוז עולים בהשתקעות ראשונה בני 17-0,demographic__אחוז עולים בהשתקעות ראשונה בני 17-0,104,True,numeric_feature
demographic,2022,אחוז עולים בהשתקעות ראשונה בני 44-18,demographic__אחוז עולים בהשתקעות ראשונה בני 44-18,105,True,numeric_feature
demographic,2022,אחוז עולים בהשתקעות ראשונה בני 64-45,demographic__אחוז עולים בהשתקעות ראשונה בני 64-45,103,True,numeric_feature
demographic,2022,אחוז עולים בהשתקעות ראשונה בני 65 ומעלה,demographic__אחוז עולים בהשתקעות ראשונה בני 65 ומעלה,102,True,numeric_feature
demographic,2022,"מאזן הגירה ביישוב
סה""כ","demographic__מאזן הגירה ביישוב
סה""כ",202,True,numeric_feature
demographic,2022,מאזן הגירה פנימית,demographic__מאזן הגירה פנימית,202,True,numeric_feature
demographic,2022,"נכנסים מיישובים אחרים סה""כ","demographic__נכנסים מיישובים אחרים סה""כ",201,True,numeric_feature
demographic,2022,נכנסים מיישובים אחרים גברים,demographic__נכנסים מיישובים אחרים גברים,192,True,numeric_feature
demographic,2022,נכנסים מיישובים אחרים נשים,demographic__נכנסים מיישובים אחרים נשים,200,True,numeric_feature
demographic,2022,נכנסים מיישובים אחרים עד גיל 14,demographic__נכנסים מיישובים אחרים עד גיל 14,187,True,numeric_feature
demographic,2022,נכנסים מיישובים אחרים גיל 29-15,demographic__נכנסים מיישובים אחרים גיל 29-15,198,True,numeric_feature
demographic,2022,נכנסים מיישובים אחרים גיל 64-30,demographic__נכנסים מיישובים אחרים גיל 64-30,196,True,numeric_feature
demographic,2022,נכנסים מיישובים אחרים גיל 65 ומעלה,demographic__נכנסים מיישובים אחרים גיל 65 ומעלה,106,True,numeric_feature
demographic,2022,"יוצאים ליישובים אחרים סה""כ","demographic__יוצאים ליישובים אחרים סה""כ",201,True,numeric_feature
demographic,2022,יוצאים ליישובים אחרים גברים,demographic__יוצאים ליישובים אחרים גברים,193,True,numeric_feature
demographic,2022,יוצאים ליישובים אחרים נשים,demographic__יוצאים ליישובים אחרים נשים,200,True,numeric_feature
demographic,2022,יוצאים ליישובים אחרים עד גיל 14,demographic__יוצאים ליישובים אחרים עד גיל 14,190,True,numeric_feature
demographic,2022,יוצאים ליישובים אחרים גיל 29-15,demographic__יוצאים ליישובים אחרים גיל 29-15,196,True,numeric_feature
demographic,2022,יוצאים ליישובים אחרים גיל 64-30,demographic__יוצאים ליישובים אחרים גיל 64-30,195,True,numeric_feature
demographic,2022,יוצאים ליישובים אחרים גיל 65 ומעלה,demographic__יוצאים ליישובים אחרים גיל 65 ומעלה,111,True,numeric_feature
demographic,2022,הגירה בתוך הרשות המקומית,demographic__הגירה בתוך הרשות המקומית,156,True,numeric_feature
demographic,2022,"נישאים סה""כ גברים ונשים","demographic__נישאים סה""כ גברים ונשים",200,True,numeric_feature
demographic,2022,"נישאים שיעור ל-1,000 תושבים לא נשואים בני 15 ומעלה","demographic__נישאים שיעור ל-1,000 תושבים לא נשואים בני 15 ומעלה",201,True,numeric_feature
demographic,2022,"מתגרשים סה""כ גברים ונשים","demographic__מתגרשים סה""כ גברים ונשים",187,True,numeric_feature
demographic,2022,"מתגרשים שיעור ל-1,000 תושבים נשואים בני 15 ומעלה","demographic__מתגרשים שיעור ל-1,000 תושבים נשואים בני 15 ומעלה",195,True,numeric_feature
demographic,2023,"צפיפות אוכלוסייה לקמ''ר ביישובים שמנו 5,000 תושבים ויותר","demographic__צפיפות אוכלוסייה לקמ''ר ביישובים שמנו 5,000 תושבים ויותר",174,True,numeric_feature
demographic,2023,"סה""כ  אוכלוסייה בסוף השנה","demographic__סה""כ  אוכלוסייה בסוף השנה",193,True,numeric_feature
demographic,2023,סך כל הישראלים,demographic__סך כל הישראלים,193,True,numeric_feature
demographic,2023,יהודים ואחרים (אחוזים מתוך כלל אוכלוסיית הישראלים),demographic__יהודים ואחרים (אחוזים מתוך כלל אוכלוסיית הישראלים,170,True,numeric_feature
demographic,2023,"יהודים 
(אחוזים מתוך יהודים ואחרים)","demographic__יהודים 
(אחוזים מתוך יהודים ואחרים",179,True,numeric_feature
demographic,2023,ערבים (אחוזים מתוך כלל אוכלוסיית הישראלים),demographic__ערבים (אחוזים מתוך כלל אוכלוסיית הישראלים,177,True,numeric_feature
demographic,2023,מוסלמים (אחוזים מתוך האוכלוסייה הערבית),demographic__מוסלמים (אחוזים מתוך האוכלוסייה הערבית,178,True,numeric_feature
demographic,2023,נוצרים (אחוזים מתוך האוכלוסייה הערבית),demographic__נוצרים (אחוזים מתוך האוכלוסייה הערבית,123,True,numeric_feature
demographic,2023,דרוזים (אחוזים מתוך האוכלוסייה הערבית),demographic__דרוזים (אחוזים מתוך האוכלוסייה הערבית,90,True,numeric_feature
demographic,2023,"סה""כ גברים בסוף השנה","demographic__סה""כ גברים בסוף השנה",193,True,numeric_feature
demographic,2023,"סה""כ נשים בסוף השנה","demographic__סה""כ נשים בסוף השנה",193,True,numeric_feature
demographic,2023,אחוז באוכלוסייה בסוף השנה בני 4-0,demographic__אחוז באוכלוסייה בסוף השנה בני 4-0,193,True,numeric_feature
demographic,2023,אחוז באוכלוסייה בסוף השנה בני 9-5,demographic__אחוז באוכלוסייה בסוף השנה בני 9-5,193,True,numeric_feature
demographic,2023,אחוז באוכלוסייה בסוף השנה בני 14-10,demographic__אחוז באוכלוסייה בסוף השנה בני 14-10,193,True,numeric_feature
demographic,2023,אחוז באוכלוסייה בסוף השנה בני 19-15,demographic__אחוז באוכלוסייה בסוף השנה בני 19-15,193,True,numeric_feature
demographic,2023,אחוז באוכלוסייה בסוף השנה בני 29-20,demographic__אחוז באוכלוסייה בסוף השנה בני 29-20,193,True,numeric_feature
demographic,2023,אחוז באוכלוסייה בסוף השנה בני 44-30,demographic__אחוז באוכלוסייה בסוף השנה בני 44-30,193,True,numeric_feature
demographic,2023,אחוז באוכלוסייה בסוף השנה בני 59-45,demographic__אחוז באוכלוסייה בסוף השנה בני 59-45,193,True,numeric_feature
demographic,2023,אחוז באוכלוסייה בסוף השנה בני 64-60,demographic__אחוז באוכלוסייה בסוף השנה בני 64-60,193,True,numeric_feature
demographic,2023,אחוז באוכלוסייה בסוף השנה בני 65 ומעלה,demographic__אחוז באוכלוסייה בסוף השנה בני 65 ומעלה,193,True,numeric_feature
demographic,2023,אחוז באוכלוסייה בסוף השנה בני 17-0,demographic__אחוז באוכלוסייה בסוף השנה בני 17-0,193,True,numeric_feature
demographic,2023,אחוז באוכלוסייה בסוף השנה בני 75 ומעלה,demographic__אחוז באוכלוסייה בסוף השנה בני 75 ומעלה,193,True,numeric_feature
demographic,2023,"יחס תלות (ל-1,000 תושבים בלתי תלויים)","demographic__יחס תלות (ל-1,000 תושבים בלתי תלויים",193,True,numeric_feature
demographic,2023,לידות חי,demographic__לידות חי,193,True,numeric_feature
demographic,2023,שיעור פריון כולל,demographic__שיעור פריון כולל,141,True,numeric_feature
demographic,2023,פטירות תינוקות (ממוצע),demographic__פטירות תינוקות (ממוצע,164,True,numeric_feature
demographic,2023,"שיעור פטירות תינוקות ל-1,000 לידות חי","demographic__שיעור פטירות תינוקות ל-1,000 לידות חי",24,True,numeric_feature
demographic,2023,פטירות,demographic__פטירות,193,True,numeric_feature
demographic,2023,"שיעור פטירות מתוקנן ל-1,000 תושבים","demographic__שיעור פטירות מתוקנן ל-1,000 תושבים",180,True,numeric_feature
demographic,2023,"ריבוי טבעי
סה""כ","demographic__ריבוי טבעי
סה""כ",193,True,numeric_feature
demographic,2023,"ריבוי טבעי  ל-1,000 תושבים","demographic__ריבוי טבעי  ל-1,000 תושבים",193,True,numeric_feature
demographic,2023,אחוז גידול האוכלוסייה לעומת השנה הקודמת,demographic__אחוז גידול האוכלוסייה לעומת השנה הקודמת,193,True,numeric_feature
demographic,2023,אחוז עולי 1990+ מסך האוכלוסייה,demographic__אחוז עולי 1990+ מסך האוכלוסייה,193,True,numeric_feature
demographic,2023,השתקעות ראשונה של עולים,demographic__השתקעות ראשונה של עולים,109,True,numeric_feature
demographic,2023,אחוז עולים בהשתקעות ראשונה בני 17-0,demographic__אחוז עולים בהשתקעות ראשונה בני 17-0,112,True,numeric_feature
demographic,2023,אחוז עולים בהשתקעות ראשונה בני 44-18,demographic__אחוז עולים בהשתקעות ראשונה בני 44-18,123,True,numeric_feature
demographic,2023,אחוז עולים בהשתקעות ראשונה בני 64-45,demographic__אחוז עולים בהשתקעות ראשונה בני 64-45,124,True,numeric_feature
demographic,2023,אחוז עולים בהשתקעות ראשונה בני 65 ומעלה,demographic__אחוז עולים בהשתקעות ראשונה בני 65 ומעלה,124,True,numeric_feature
demographic,2023,"מאזן הגירה ביישוב
סה""כ","demographic__מאזן הגירה ביישוב
סה""כ",193,True,numeric_feature
demographic,2023,מאזן הגירה פנימית,demographic__מאזן הגירה פנימית,188,True,numeric_feature
demographic,2023,"נכנסים מיישובים אחרים סה""כ","demographic__נכנסים מיישובים אחרים סה""כ",188,True,numeric_feature
demographic,2023,נכנסים מיישובים אחרים גברים,demographic__נכנסים מיישובים אחרים גברים,186,True,numeric_feature
demographic,2023,נכנסים מיישובים אחרים נשים,demographic__נכנסים מיישובים אחרים נשים,188,True,numeric_feature
demographic,2023,נכנסים מיישובים אחרים עד גיל 14,demographic__נכנסים מיישובים אחרים עד גיל 14,185,True,numeric_feature
demographic,2023,נכנסים מיישובים אחרים גיל 29-15,demographic__נכנסים מיישובים אחרים גיל 29-15,186,True,numeric_feature
demographic,2023,נכנסים מיישובים אחרים גיל 64-30,demographic__נכנסים מיישובים אחרים גיל 64-30,186,True,numeric_feature
demographic,2023,נכנסים מיישובים אחרים גיל 65 ומעלה,demographic__נכנסים מיישובים אחרים גיל 65 ומעלה,115,True,numeric_feature
demographic,2023,"יוצאים ליישובים אחרים סה""כ","demographic__יוצאים ליישובים אחרים סה""כ",193,True,numeric_feature
demographic,2023,יוצאים ליישובים אחרים גברים,demographic__יוצאים ליישובים אחרים גברים,188,True,numeric_feature
demographic,2023,יוצאים ליישובים אחרים נשים,demographic__יוצאים ליישובים אחרים נשים,190,True,numeric_feature
demographic,2023,יוצאים ליישובים אחרים עד גיל 14,demographic__יוצאים ליישובים אחרים עד גיל 14,185,True,numeric_feature
demographic,2023,יוצאים ליישובים אחרים גיל 29-15,demographic__יוצאים ליישובים אחרים גיל 29-15,190,True,numeric_feature
demographic,2023,יוצאים ליישובים אחרים גיל 64-30,demographic__יוצאים ליישובים אחרים גיל 64-30,187,True,numeric_feature
demographic,2023,יוצאים ליישובים אחרים גיל 65 ומעלה,demographic__יוצאים ליישובים אחרים גיל 65 ומעלה,119,True,numeric_feature
demographic,2023,הגירה בתוך הרשות המקומית,demographic__הגירה בתוך הרשות המקומית,153,True,numeric_feature
demographic,2023,"נישאים סה""כ גברים ונשים","demographic__נישאים סה""כ גברים ונשים",192,True,numeric_feature
demographic,2023,"נישאים שיעור ל-1,000 תושבים לא נשואים בני 15 ומעלה","demographic__נישאים שיעור ל-1,000 תושבים לא נשואים בני 15 ומעלה",192,True,numeric_feature
demographic,2023,"מתגרשים סה""כ גברים ונשים","demographic__מתגרשים סה""כ גברים ונשים",191,True,numeric_feature
demographic,2023,"מתגרשים שיעור ל-1,000 תושבים נשואים בני 15 ומעלה","demographic__מתגרשים שיעור ל-1,000 תושבים נשואים בני 15 ומעלה",190,True,numeric_feature
education,2019,"ילדים בגנים של משרד החינוך סה""כ","education__ילדים בגנים של משרד החינוך סה""כ",201,True,numeric_feature
education,2019,ילדים בגנים של משרד החינוך גיל 3,education__ילדים בגנים של משרד החינוך גיל 3,201,True,numeric_feature
education,2019,ילדים בגנים של משרד החינוך גיל 4,education__ילדים בגנים של משרד החינוך גיל 4,201,True,numeric_feature
education,2019,ילדים בגנים של משרד החינוך גיל 5,education__ילדים בגנים של משרד החינוך גיל 5,201,True,numeric_feature
education,2019,ילדים בגנים של משרד החינוך גיל 6,education__ילדים בגנים של משרד החינוך גיל 6,186,True,numeric_feature
education,2019,"בתי ספר סה""כ","education__בתי ספר סה""כ",200,True,numeric_feature
education,2019,בתי ספר יסודיים,education__בתי ספר יסודיים,199,True,numeric_feature
education,2019,בתי ספר על-יסודיים,education__בתי ספר על-יסודיים,186,True,numeric_feature
education,2019,בתי ספר חטיבות ביניים,education__בתי ספר חטיבות ביניים,175,True,numeric_feature
education,2019,בתי ספר תיכוניים,education__בתי ספר תיכוניים,177,True,numeric_feature
education,2019,"כיתות סה""כ","education__כיתות סה""כ",200,True,numeric_feature
education,2019,כיתות בבתי ספר יסודיים,education__כיתות בבתי ספר יסודיים,199,True,numeric_feature
education,2019,כיתות בבתי ספר על-יסודיים,education__כיתות בבתי ספר על-יסודיים,186,True,numeric_feature
education,2019,כיתות בחטיבות ביניים,education__כיתות בחטיבות ביניים,175,True,numeric_feature
education,2019,כיתות בבתי ספר תיכוניים,education__כיתות בבתי ספר תיכוניים,177,True,numeric_feature
education,2019,"תלמידים סה""כ","education__תלמידים סה""כ",200,True,numeric_feature
education,2019,תלמידים בבתי ספר יסודיים,education__תלמידים בבתי ספר יסודיים,199,True,numeric_feature
education,2019,תלמידים בבתי ספר על-יסודיים,education__תלמידים בבתי ספר על-יסודיים,186,True,numeric_feature
education,2019,תלמידים בחטיבות ביניים,education__תלמידים בחטיבות ביניים,175,True,numeric_feature
education,2019,תלמידים בבתי ספר תיכוניים,education__תלמידים בבתי ספר תיכוניים,177,True,numeric_feature
education,2019,ממוצע תלמידים לכיתה בבתי ספר יסודיים,education__ממוצע תלמידים לכיתה בבתי ספר יסודיים,201,True,numeric_feature
education,2019,"אחוז תלמידים נושרים סה""כ","education__אחוז תלמידים נושרים סה""כ",184,True,numeric_feature
education,2019,אחוז תלמידים נושרים בנים,education__אחוז תלמידים נושרים בנים,150,True,numeric_feature
education,2019,אחוז תלמידים נושרים בנות,education__אחוז תלמידים נושרים בנות,150,True,numeric_feature
education,2019,אחוז זכאים לתעודת בגרות מבין תלמידי כיתות יב,education__אחוז זכאים לתעודת בגרות מבין תלמידי כיתות יב,196,True,numeric_feature
education,2019,אחוז זכאים לתעודת בגרות שעמדו בדרישות הסף של האוניברסיטאות מבין תלמידי כיתות יב,education__אחוז זכאים לתעודת בגרות שעמדו בדרישות הסף של האוניברסיטאות מבין תלמידי כיתות יב,196,True,numeric_feature
education,2019,השכלה גבוהה אחוז בעלי תארים מישראל מתוך אוכלוסיית בני 55-35,education__השכלה גבוהה אחוז בעלי תארים מישראל מתוך אוכלוסיית בני 55-35,201,True,numeric_feature
education,2019,השכלה גבוהה אחוז הנכנסים להשכלה גבוהה בתוך 8 שנים בקרב תלמידי יב,education__השכלה גבוהה אחוז הנכנסים להשכלה גבוהה בתוך 8 שנים בקרב תלמידי יב,156,True,numeric_feature
education,2019,השכלה גבוהה אחוז סטודנטים מתוך אוכלוסיית בני 25-20,education__השכלה גבוהה אחוז סטודנטים מתוך אוכלוסיית בני 25-20,201,True,numeric_feature
education,2019,השכלה גבוהה אחוז סטודנטים מתוך כלל האוכלוסייה,education__השכלה גבוהה אחוז סטודנטים מתוך כלל האוכלוסייה,201,True,numeric_feature
education,2019,עובדי הוראה מספר עובדי הוראה,education__עובדי הוראה מספר עובדי הוראה,185,True,numeric_feature
education,2019,עובדי הוראה ממוצע שעות עבודה לשבוע,education__עובדי הוראה ממוצע שעות עבודה לשבוע,185,True,numeric_feature
education,2019,עובדי הוראה אחוז עובדי הוראה חדשים,education__עובדי הוראה אחוז עובדי הוראה חדשים,183,True,numeric_feature
education,2019,עובדי הוראה אחוז שעות היעדרות מסך שעות עבודה שנתיות,education__עובדי הוראה אחוז שעות היעדרות מסך שעות עבודה שנתיות,185,True,numeric_feature
education,2019,עובדי הוראה ממוצע שנות ותק מוכרות בהוראה,education__עובדי הוראה ממוצע שנות ותק מוכרות בהוראה,185,True,numeric_feature
education,2019,עובדי הוראה אחוז בעלי דרגת שכר תואר שני ומעלה,education__עובדי הוראה אחוז בעלי דרגת שכר תואר שני ומעלה,185,True,numeric_feature
education,2019,עובדי הוראה אחוז עובדי הוראה משתלמים מכלל עובדי הוראה,education__עובדי הוראה אחוז עובדי הוראה משתלמים מכלל עובדי הוראה,185,True,numeric_feature
education,2019,עובדי הוראה ממוצע תלמידים למורה,education__עובדי הוראה ממוצע תלמידים למורה,185,True,numeric_feature
education,2019,עובדי הוראה ממוצע שעות עבודה שבועיות לתלמיד,education__עובדי הוראה ממוצע שעות עבודה שבועיות לתלמיד,185,True,numeric_feature
education,2020,"ילדים בגנים של משרד החינוך סה""כ","education__ילדים בגנים של משרד החינוך סה""כ",201,True,numeric_feature
education,2020,ילדים בגנים של משרד החינוך גיל 3,education__ילדים בגנים של משרד החינוך גיל 3,201,True,numeric_feature
education,2020,ילדים בגנים של משרד החינוך גיל 4,education__ילדים בגנים של משרד החינוך גיל 4,201,True,numeric_feature
education,2020,ילדים בגנים של משרד החינוך גיל 5,education__ילדים בגנים של משרד החינוך גיל 5,201,True,numeric_feature
education,2020,ילדים בגנים של משרד החינוך גיל 6,education__ילדים בגנים של משרד החינוך גיל 6,187,True,numeric_feature
education,2020,"בתי ספר סה""כ","education__בתי ספר סה""כ",200,True,numeric_feature
education,2020,בתי ספר יסודיים,education__בתי ספר יסודיים,199,True,numeric_feature
education,2020,בתי ספר על-יסודיים,education__בתי ספר על-יסודיים,187,True,numeric_feature
education,2020,בתי ספר חטיבות ביניים,education__בתי ספר חטיבות ביניים,176,True,numeric_feature
education,2020,בתי ספר תיכוניים,education__בתי ספר תיכוניים,178,True,numeric_feature
education,2020,"כיתות סה""כ","education__כיתות סה""כ",199,True,numeric_feature
education,2020,כיתות בבתי ספר יסודיים,education__כיתות בבתי ספר יסודיים,199,True,numeric_feature
education,2020,כיתות בבתי ספר על-יסודיים,education__כיתות בבתי ספר על-יסודיים,187,True,numeric_feature
education,2020,כיתות בחטיבות ביניים,education__כיתות בחטיבות ביניים,176,True,numeric_feature
education,2020,כיתות בבתי ספר תיכוניים,education__כיתות בבתי ספר תיכוניים,178,True,numeric_feature
education,2020,"תלמידים סה""כ","education__תלמידים סה""כ",199,True,numeric_feature
education,2020,תלמידים בבתי ספר יסודיים,education__תלמידים בבתי ספר יסודיים,199,True,numeric_feature
education,2020,תלמידים בבתי ספר על-יסודיים,education__תלמידים בבתי ספר על-יסודיים,187,True,numeric_feature
education,2020,תלמידים בחטיבות ביניים,education__תלמידים בחטיבות ביניים,176,True,numeric_feature
education,2020,תלמידים בבתי ספר תיכוניים,education__תלמידים בבתי ספר תיכוניים,178,True,numeric_feature
education,2020,ממוצע תלמידים לכיתה בבתי ספר יסודיים,education__ממוצע תלמידים לכיתה בבתי ספר יסודיים,201,True,numeric_feature
education,2020,"אחוז תלמידים נושרים סה""כ","education__אחוז תלמידים נושרים סה""כ",174,True,numeric_feature
education,2020,אחוז תלמידים נושרים בנים,education__אחוז תלמידים נושרים בנים,135,True,numeric_feature
education,2020,אחוז תלמידים נושרים בנות,education__אחוז תלמידים נושרים בנות,124,True,numeric_feature
education,2020,אחוז זכאים לתעודת בגרות מבין תלמידי כיתות יב,education__אחוז זכאים לתעודת בגרות מבין תלמידי כיתות יב,195,True,numeric_feature
education,2020,אחוז זכאים לתעודת בגרות שעמדו בדרישות הסף של האוניברסיטאות מבין תלמידי כיתות יב,education__אחוז זכאים לתעודת בגרות שעמדו בדרישות הסף של האוניברסיטאות מבין תלמידי כיתות יב,195,True,numeric_feature
education,2020,השכלה גבוהה אחוז בעלי תארים מישראל מתוך אוכלוסיית בני 55-35,education__השכלה גבוהה אחוז בעלי תארים מישראל מתוך אוכלוסיית בני 55-35,201,True,numeric_feature
education,2020,השכלה גבוהה אחוז הנכנסים להשכלה גבוהה בתוך 8 שנים בקרב תלמידי יב,education__השכלה גבוהה אחוז הנכנסים להשכלה גבוהה בתוך 8 שנים בקרב תלמידי יב,164,True,numeric_feature
education,2020,השכלה גבוהה אחוז סטודנטים מתוך אוכלוסיית בני 25-20,education__השכלה גבוהה אחוז סטודנטים מתוך אוכלוסיית בני 25-20,201,True,numeric_feature
education,2020,השכלה גבוהה אחוז סטודנטים מתוך כלל האוכלוסייה,education__השכלה גבוהה אחוז סטודנטים מתוך כלל האוכלוסייה,201,True,numeric_feature
education,2020,עובדי הוראה מספר עובדי הוראה,education__עובדי הוראה מספר עובדי הוראה,188,True,numeric_feature
education,2020,עובדי הוראה ממוצע שעות עבודה לשבוע,education__עובדי הוראה ממוצע שעות עבודה לשבוע,188,True,numeric_feature
education,2020,עובדי הוראה אחוז עובדי הוראה חדשים,education__עובדי הוראה אחוז עובדי הוראה חדשים,188,True,numeric_feature
education,2020,עובדי הוראה אחוז שעות היעדרות מסך שעות עבודה שנתיות,education__עובדי הוראה אחוז שעות היעדרות מסך שעות עבודה שנתיות,188,True,numeric_feature
education,2020,עובדי הוראה ממוצע שנות ותק מוכרות בהוראה,education__עובדי הוראה ממוצע שנות ותק מוכרות בהוראה,188,True,numeric_feature
education,2020,עובדי הוראה אחוז בעלי דרגת שכר תואר שני ומעלה,education__עובדי הוראה אחוז בעלי דרגת שכר תואר שני ומעלה,188,True,numeric_feature
education,2020,עובדי הוראה אחוז עובדי הוראה משתלמים מכלל עובדי הוראה,education__עובדי הוראה אחוז עובדי הוראה משתלמים מכלל עובדי הוראה,188,True,numeric_feature
education,2020,עובדי הוראה ממוצע תלמידים למורה,education__עובדי הוראה ממוצע תלמידים למורה,187,True,numeric_feature
education,2020,עובדי הוראה ממוצע שעות עבודה שבועיות לתלמיד,education__עובדי הוראה ממוצע שעות עבודה שבועיות לתלמיד,187,True,numeric_feature
education,2021,"ילדים בגנים של משרד החינוך סה""כ","education__ילדים בגנים של משרד החינוך סה""כ",201,True,numeric_feature
education,2021,ילדים בגנים של משרד החינוך גיל 3,education__ילדים בגנים של משרד החינוך גיל 3,201,True,numeric_feature
education,2021,ילדים בגנים של משרד החינוך גיל 4,education__ילדים בגנים של משרד החינוך גיל 4,201,True,numeric_feature
education,2021,ילדים בגנים של משרד החינוך גיל 5,education__ילדים בגנים של משרד החינוך גיל 5,201,True,numeric_feature
education,2021,ילדים בגנים של משרד החינוך גיל 6,education__ילדים בגנים של משרד החינוך גיל 6,180,True,numeric_feature
education,2021,"בתי ספר סה""כ","education__בתי ספר סה""כ",200,True,numeric_feature
education,2021,בתי ספר יסודיים,education__בתי ספר יסודיים,199,True,numeric_feature
education,2021,בתי ספר על-יסודיים,education__בתי ספר על-יסודיים,187,True,numeric_feature
education,2021,בתי ספר חטיבות ביניים,education__בתי ספר חטיבות ביניים,176,True,numeric_feature
education,2021,בתי ספר תיכוניים,education__בתי ספר תיכוניים,178,True,numeric_feature
education,2021,"כיתות סה""כ","education__כיתות סה""כ",200,True,numeric_feature
education,2021,כיתות בבתי ספר יסודיים,education__כיתות בבתי ספר יסודיים,199,True,numeric_feature
education,2021,כיתות בבתי ספר על-יסודיים,education__כיתות בבתי ספר על-יסודיים,187,True,numeric_feature
education,2021,כיתות בחטיבות ביניים,education__כיתות בחטיבות ביניים,176,True,numeric_feature
education,2021,כיתות בבתי ספר תיכוניים,education__כיתות בבתי ספר תיכוניים,178,True,numeric_feature
education,2021,"תלמידים סה""כ","education__תלמידים סה""כ",200,True,numeric_feature
education,2021,תלמידים בבתי ספר יסודיים,education__תלמידים בבתי ספר יסודיים,199,True,numeric_feature
education,2021,תלמידים בבתי ספר על-יסודיים,education__תלמידים בבתי ספר על-יסודיים,187,True,numeric_feature
education,2021,תלמידים בחטיבות ביניים,education__תלמידים בחטיבות ביניים,176,True,numeric_feature
education,2021,תלמידים בבתי ספר תיכוניים,education__תלמידים בבתי ספר תיכוניים,178,True,numeric_feature
education,2021,ממוצע תלמידים לכיתה בבתי ספר יסודיים,education__ממוצע תלמידים לכיתה בבתי ספר יסודיים,199,True,numeric_feature
education,2021,"אחוז תלמידים נושרים סה""כ","education__אחוז תלמידים נושרים סה""כ",183,True,numeric_feature
education,2021,אחוז תלמידים נושרים בנים,education__אחוז תלמידים נושרים בנים,132,True,numeric_feature
education,2021,אחוז תלמידים נושרים בנות,education__אחוז תלמידים נושרים בנות,131,True,numeric_feature
education,2021,אחוז זכאים לתעודת בגרות מבין תלמידי כיתות יב,education__אחוז זכאים לתעודת בגרות מבין תלמידי כיתות יב,201,True,numeric_feature
education,2021,אחוז זכאים לתעודת בגרות שעמדו בדרישות הסף של האוניברסיטאות מבין תלמידי כיתות יב,education__אחוז זכאים לתעודת בגרות שעמדו בדרישות הסף של האוניברסיטאות מבין תלמידי כיתות יב,201,True,numeric_feature
education,2021,השכלה גבוהה אחוז בעלי תארים מישראל מתוך אוכלוסיית בני 55-35,education__השכלה גבוהה אחוז בעלי תארים מישראל מתוך אוכלוסיית בני 55-35,201,True,numeric_feature
education,2021,השכלה גבוהה אחוז הנכנסים להשכלה גבוהה בתוך 8 שנים בקרב תלמידי יב,education__השכלה גבוהה אחוז הנכנסים להשכלה גבוהה בתוך 8 שנים בקרב תלמידי יב,160,True,numeric_feature
education,2021,השכלה גבוהה אחוז סטודנטים מתוך אוכלוסיית בני 25-20,education__השכלה גבוהה אחוז סטודנטים מתוך אוכלוסיית בני 25-20,201,True,numeric_feature
education,2021,השכלה גבוהה אחוז סטודנטים מתוך כלל האוכלוסייה,education__השכלה גבוהה אחוז סטודנטים מתוך כלל האוכלוסייה,201,True,numeric_feature
education,2021,עובדי הוראה מספר עובדי הוראה,education__עובדי הוראה מספר עובדי הוראה,201,True,numeric_feature
education,2021,עובדי הוראה ממוצע שעות עבודה לשבוע,education__עובדי הוראה ממוצע שעות עבודה לשבוע,201,True,numeric_feature
education,2021,עובדי הוראה אחוז עובדי הוראה חדשים,education__עובדי הוראה אחוז עובדי הוראה חדשים,201,True,numeric_feature
education,2021,עובדי הוראה אחוז שעות היעדרות מסך שעות עבודה שנתיות,education__עובדי הוראה אחוז שעות היעדרות מסך שעות עבודה שנתיות,201,True,numeric_feature
education,2021,עובדי הוראה ממוצע שנות ותק מוכרות בהוראה,education__עובדי הוראה ממוצע שנות ותק מוכרות בהוראה,201,True,numeric_feature
education,2021,עובדי הוראה אחוז בעלי דרגת שכר תואר שני ומעלה,education__עובדי הוראה אחוז בעלי דרגת שכר תואר שני ומעלה,201,True,numeric_feature
education,2021,עובדי הוראה אחוז עובדי הוראה משתלמים מכלל עובדי הוראה,education__עובדי הוראה אחוז עובדי הוראה משתלמים מכלל עובדי הוראה,201,True,numeric_feature
education,2021,עובדי הוראה ממוצע תלמידים למורה,education__עובדי הוראה ממוצע תלמידים למורה,201,True,numeric_feature
education,2021,עובדי הוראה ממוצע שעות עבודה שבועיות לתלמיד,education__עובדי הוראה ממוצע שעות עבודה שבועיות לתלמיד,201,True,numeric_feature
education,2022,"ילדים בגנים של משרד החינוך סה""כ","education__ילדים בגנים של משרד החינוך סה""כ",202,True,numeric_feature
education,2022,ילדים בגנים של משרד החינוך גיל 3,education__ילדים בגנים של משרד החינוך גיל 3,202,True,numeric_feature
education,2022,ילדים בגנים של משרד החינוך גיל 4,education__ילדים בגנים של משרד החינוך גיל 4,202,True,numeric_feature
education,2022,ילדים בגנים של משרד החינוך גיל 5,education__ילדים בגנים של משרד החינוך גיל 5,202,True,numeric_feature
education,2022,ילדים בגנים של משרד החינוך גיל 6,education__ילדים בגנים של משרד החינוך גיל 6,147,True,numeric_feature
education,2022,"בתי ספר סה""כ","education__בתי ספר סה""כ",201,True,numeric_feature
education,2022,בתי ספר יסודיים,education__בתי ספר יסודיים,200,True,numeric_feature
education,2022,בתי ספר על-יסודיים,education__בתי ספר על-יסודיים,188,True,numeric_feature
education,2022,בתי ספר חטיבות ביניים,education__בתי ספר חטיבות ביניים,178,True,numeric_feature
education,2022,בתי ספר תיכוניים,education__בתי ספר תיכוניים,179,True,numeric_feature
education,2022,"כיתות סה""כ","education__כיתות סה""כ",201,True,numeric_feature
education,2022,כיתות בבתי ספר יסודיים,education__כיתות בבתי ספר יסודיים,200,True,numeric_feature
education,2022,כיתות בבתי ספר על-יסודיים,education__כיתות בבתי ספר על-יסודיים,188,True,numeric_feature
education,2022,כיתות בחטיבות ביניים,education__כיתות בחטיבות ביניים,178,True,numeric_feature
education,2022,כיתות בבתי ספר תיכוניים,education__כיתות בבתי ספר תיכוניים,179,True,numeric_feature
education,2022,"תלמידים סה""כ","education__תלמידים סה""כ",201,True,numeric_feature
education,2022,תלמידים בבתי ספר יסודיים,education__תלמידים בבתי ספר יסודיים,200,True,numeric_feature
education,2022,תלמידים בבתי ספר על-יסודיים,education__תלמידים בבתי ספר על-יסודיים,188,True,numeric_feature
education,2022,תלמידים בחטיבות ביניים,education__תלמידים בחטיבות ביניים,178,True,numeric_feature
education,2022,תלמידים בבתי ספר תיכוניים,education__תלמידים בבתי ספר תיכוניים,179,True,numeric_feature
education,2022,ממוצע תלמידים לכיתה בבתי ספר יסודיים,education__ממוצע תלמידים לכיתה בבתי ספר יסודיים,200,True,numeric_feature
education,2022,"אחוז תלמידים נושרים סה""כ","education__אחוז תלמידים נושרים סה""כ",185,True,numeric_feature
education,2022,אחוז תלמידים נושרים בנים,education__אחוז תלמידים נושרים בנים,146,True,numeric_feature
education,2022,אחוז תלמידים נושרים בנות,education__אחוז תלמידים נושרים בנות,131,True,numeric_feature
education,2022,אחוז זכאים לתעודת בגרות מבין תלמידי כיתות יב,education__אחוז זכאים לתעודת בגרות מבין תלמידי כיתות יב,202,True,numeric_feature
education,2022,אחוז זכאים לתעודת בגרות שעמדו בדרישות הסף של האוניברסיטאות מבין תלמידי כיתות יב,education__אחוז זכאים לתעודת בגרות שעמדו בדרישות הסף של האוניברסיטאות מבין תלמידי כיתות יב,202,True,numeric_feature
education,2022,השכלה גבוהה אחוז בעלי תארים מישראל מתוך אוכלוסיית בני 55-35,education__השכלה גבוהה אחוז בעלי תארים מישראל מתוך אוכלוסיית בני 55-35,202,True,numeric_feature
education,2022,השכלה גבוהה אחוז הנכנסים להשכלה גבוהה בתוך 8 שנים בקרב תלמידי יב,education__השכלה גבוהה אחוז הנכנסים להשכלה גבוהה בתוך 8 שנים בקרב תלמידי יב,167,True,numeric_feature
education,2022,השכלה גבוהה אחוז סטודנטים מתוך אוכלוסיית בני 25-20,education__השכלה גבוהה אחוז סטודנטים מתוך אוכלוסיית בני 25-20,202,True,numeric_feature
education,2022,השכלה גבוהה אחוז סטודנטים מתוך כלל האוכלוסייה,education__השכלה גבוהה אחוז סטודנטים מתוך כלל האוכלוסייה,202,True,numeric_feature
education,2022,עובדי הוראה מספר עובדי הוראה,education__עובדי הוראה מספר עובדי הוראה,197,True,numeric_feature
education,2022,עובדי הוראה ממוצע שעות עבודה לשבוע,education__עובדי הוראה ממוצע שעות עבודה לשבוע,197,True,numeric_feature
education,2022,עובדי הוראה אחוז עובדי הוראה חדשים,education__עובדי הוראה אחוז עובדי הוראה חדשים,196,True,numeric_feature
education,2022,עובדי הוראה אחוז שעות היעדרות מסך שעות עבודה שנתיות,education__עובדי הוראה אחוז שעות היעדרות מסך שעות עבודה שנתיות,197,True,numeric_feature
education,2022,עובדי הוראה ממוצע שנות ותק מוכרות בהוראה,education__עובדי הוראה ממוצע שנות ותק מוכרות בהוראה,197,True,numeric_feature
education,2022,עובדי הוראה אחוז בעלי דרגת שכר תואר שני ומעלה,education__עובדי הוראה אחוז בעלי דרגת שכר תואר שני ומעלה,197,True,numeric_feature
education,2022,עובדי הוראה אחוז עובדי הוראה משתלמים מכלל עובדי הוראה,education__עובדי הוראה אחוז עובדי הוראה משתלמים מכלל עובדי הוראה,197,True,numeric_feature
education,2022,עובדי הוראה ממוצע תלמידים למורה,education__עובדי הוראה ממוצע תלמידים למורה,196,True,numeric_feature
education,2022,עובדי הוראה ממוצע שעות עבודה שבועיות לתלמיד,education__עובדי הוראה ממוצע שעות עבודה שבועיות לתלמיד,196,True,numeric_feature
education,2023,"ילדים בגנים של משרד החינוך סה""כ","education__ילדים בגנים של משרד החינוך סה""כ",193,True,numeric_feature
education,2023,ילדים בגנים של משרד החינוך גיל 3,education__ילדים בגנים של משרד החינוך גיל 3,193,True,numeric_feature
education,2023,ילדים בגנים של משרד החינוך גיל 4,education__ילדים בגנים של משרד החינוך גיל 4,193,True,numeric_feature
education,2023,ילדים בגנים של משרד החינוך גיל 5,education__ילדים בגנים של משרד החינוך גיל 5,193,True,numeric_feature
education,2023,ילדים בגנים של משרד החינוך גיל 6,education__ילדים בגנים של משרד החינוך גיל 6,190,True,numeric_feature
education,2023,"בתי ספר סה""כ","education__בתי ספר סה""כ",193,True,numeric_feature
education,2023,בתי ספר יסודיים,education__בתי ספר יסודיים,192,True,numeric_feature
education,2023,בתי ספר על-יסודיים,education__בתי ספר על-יסודיים,184,True,numeric_feature
education,2023,בתי ספר חטיבות ביניים,education__בתי ספר חטיבות ביניים,174,True,numeric_feature
education,2023,בתי ספר תיכוניים,education__בתי ספר תיכוניים,175,True,numeric_feature
education,2023,"כיתות סה""כ","education__כיתות סה""כ",193,True,numeric_feature
education,2023,כיתות בבתי ספר יסודיים,education__כיתות בבתי ספר יסודיים,192,True,numeric_feature
education,2023,כיתות בבתי ספר על-יסודיים,education__כיתות בבתי ספר על-יסודיים,184,True,numeric_feature
education,2023,כיתות בחטיבות ביניים,education__כיתות בחטיבות ביניים,174,True,numeric_feature
education,2023,כיתות בבתי ספר תיכוניים,education__כיתות בבתי ספר תיכוניים,175,True,numeric_feature
education,2023,"תלמידים סה""כ","education__תלמידים סה""כ",193,True,numeric_feature
education,2023,תלמידים בבתי ספר יסודיים,education__תלמידים בבתי ספר יסודיים,192,True,numeric_feature
education,2023,תלמידים בבתי ספר על-יסודיים,education__תלמידים בבתי ספר על-יסודיים,184,True,numeric_feature
education,2023,תלמידים בחטיבות ביניים,education__תלמידים בחטיבות ביניים,174,True,numeric_feature
education,2023,תלמידים בבתי ספר תיכוניים,education__תלמידים בבתי ספר תיכוניים,175,True,numeric_feature
education,2023,ממוצע תלמידים לכיתה בבתי ספר יסודיים,education__ממוצע תלמידים לכיתה בבתי ספר יסודיים,193,True,numeric_feature
education,2023,"אחוז תלמידים נושרים סה""כ","education__אחוז תלמידים נושרים סה""כ",174,True,numeric_feature
education,2023,אחוז תלמידים נושרים בנים,education__אחוז תלמידים נושרים בנים,138,True,numeric_feature
education,2023,אחוז תלמידים נושרים בנות,education__אחוז תלמידים נושרים בנות,132,True,numeric_feature
education,2023,אחוז זכאים לתעודת בגרות מבין תלמידי כיתות יב,education__אחוז זכאים לתעודת בגרות מבין תלמידי כיתות יב,193,True,numeric_feature
education,2023,אחוז זכאים לתעודת בגרות שעמדו בדרישות הסף של האוניברסיטאות מבין תלמידי כיתות יב,education__אחוז זכאים לתעודת בגרות שעמדו בדרישות הסף של האוניברסיטאות מבין תלמידי כיתות יב,193,True,numeric_feature
education,2023,השכלה גבוהה אחוז בעלי תארים מישראל מתוך אוכלוסיית בני 55-35,education__השכלה גבוהה אחוז בעלי תארים מישראל מתוך אוכלוסיית בני 55-35,193,True,numeric_feature
education,2023,השכלה גבוהה אחוז הנכנסים להשכלה גבוהה בתוך 8 שנים בקרב תלמידי יב,education__השכלה גבוהה אחוז הנכנסים להשכלה גבוהה בתוך 8 שנים בקרב תלמידי יב,162,True,numeric_feature
education,2023,השכלה גבוהה אחוז סטודנטים מתוך אוכלוסיית בני 25-20,education__השכלה גבוהה אחוז סטודנטים מתוך אוכלוסיית בני 25-20,193,True,numeric_feature
education,2023,השכלה גבוהה אחוז סטודנטים מתוך כלל האוכלוסייה,education__השכלה גבוהה אחוז סטודנטים מתוך כלל האוכלוסייה,193,True,numeric_feature
education,2023,עובדי הוראה מספר עובדי הוראה,education__עובדי הוראה מספר עובדי הוראה,192,True,numeric_feature
education,2023,עובדי הוראה ממוצע שעות עבודה לשבוע,education__עובדי הוראה ממוצע שעות עבודה לשבוע,192,True,numeric_feature
education,2023,עובדי הוראה אחוז עובדי הוראה חדשים,education__עובדי הוראה אחוז עובדי הוראה חדשים,187,True,numeric_feature
education,2023,עובדי הוראה אחוז שעות היעדרות מסך שעות עבודה שנתיות,education__עובדי הוראה אחוז שעות היעדרות מסך שעות עבודה שנתיות,192,True,numeric_feature
education,2023,עובדי הוראה ממוצע שנות ותק מוכרות בהוראה,education__עובדי הוראה ממוצע שנות ותק מוכרות בהוראה,192,True,numeric_feature
education,2023,עובדי הוראה אחוז בעלי דרגת שכר תואר שני ומעלה,education__עובדי הוראה אחוז בעלי דרגת שכר תואר שני ומעלה,192,True,numeric_feature
education,2023,עובדי הוראה אחוז עובדי הוראה משתלמים מכלל עובדי הוראה,education__עובדי הוראה אחוז עובדי הוראה משתלמים מכלל עובדי הוראה,191,True,numeric_feature
education,2023,עובדי הוראה ממוצע תלמידים למורה,education__עובדי הוראה ממוצע תלמידים למורה,191,True,numeric_feature
education,2023,עובדי הוראה ממוצע שעות עבודה שבועיות לתלמיד,education__עובדי הוראה ממוצע שעות עבודה שבועיות לתלמיד,191,True,numeric_feature
income,2019,"שכר ממוצע לחודש של שכירים (ש""ח) כלל השכירים","income__שכר ממוצע לחודש של שכירים (ש""ח) כלל השכירים",224,True,numeric_feature
income,2019,"שכר ממוצע לחודש של שכירים (ש""ח) גברים","income__שכר ממוצע לחודש של שכירים (ש""ח) גברים",224,True,numeric_feature
income,2019,"שכר ממוצע לחודש של שכירים (ש""ח) נשים","income__שכר ממוצע לחודש של שכירים (ש""ח) נשים",224,True,numeric_feature
income,2019,אחוז שינוי ריאלי לעומת השנה הקודמת של שכר ממוצע לחודש של שכירים כלל השכירים,income__אחוז שינוי ריאלי לעומת השנה הקודמת של שכר ממוצע לחודש של שכירים כלל השכירים,224,True,numeric_feature
income,2019,אחוז שינוי ריאלי לעומת השנה הקודמת של שכר ממוצע לחודש של שכירים גברים,income__אחוז שינוי ריאלי לעומת השנה הקודמת של שכר ממוצע לחודש של שכירים גברים,224,True,numeric_feature
income,2019,אחוז שינוי ריאלי לעומת השנה הקודמת של שכר ממוצע לחודש של שכירים נשים,income__אחוז שינוי ריאלי לעומת השנה הקודמת של שכר ממוצע לחודש של שכירים נשים,224,True,numeric_feature
income,2019,מספר השכירים,income__מספר השכירים,224,True,numeric_feature
income,2019,אחוז השכירים המשתכרים עד שכר מינימום,income__אחוז השכירים המשתכרים עד שכר מינימום,224,True,numeric_feature
income,2019,מספר העצמאים,income__מספר העצמאים,224,True,numeric_feature
income,2019,"הכנסה ממוצעת לחודש של העצמאים (ש""ח)","income__הכנסה ממוצעת לחודש של העצמאים (ש""ח",224,True,numeric_feature
income,2019,אחוז שינוי ריאלי של הכנסה ממוצעת לחודש של העצמאים לעומת השנה הקודמת,income__אחוז שינוי ריאלי של הכנסה ממוצעת לחודש של העצמאים לעומת השנה הקודמת,224,True,numeric_feature
income,2019,אחוז העצמאים המשתכרים עד מחצית השכר הממוצע,income__אחוז העצמאים המשתכרים עד מחצית השכר הממוצע,224,True,numeric_feature
income,2019,"מדד אי-השוויון שכירים (מדד ג'יני, 0 שוויון מלא)","income__מדד אי-השוויון שכירים (מדד ג'יני, 0 שוויון מלא",224,True,numeric_feature
income,2020,"שכר ממוצע לחודש של שכירים (ש""ח) כלל השכירים","income__שכר ממוצע לחודש של שכירים (ש""ח) כלל השכירים",197,True,numeric_feature
income,2020,"שכר ממוצע לחודש של שכירים (ש""ח) גברים","income__שכר ממוצע לחודש של שכירים (ש""ח) גברים",197,True,numeric_feature
income,2020,"שכר ממוצע לחודש של שכירים (ש""ח) נשים","income__שכר ממוצע לחודש של שכירים (ש""ח) נשים",197,True,numeric_feature
income,2021,כלל בעלי הכנסה מספר,income__כלל בעלי הכנסה מספר,224,True,numeric_feature
income,2021,כלל בעלי הכנסה שכר ממוצע,income__כלל בעלי הכנסה שכר ממוצע,224,True,numeric_feature
income,2021,גברים מספר בעלי הכנסה,income__גברים מספר בעלי הכנסה,224,True,numeric_feature
income,2021,גברים שכר ממוצע,income__גברים שכר ממוצע,224,True,numeric_feature
income,2021,נשים מספר בעלי הכנסה,income__נשים מספר בעלי הכנסה,224,True,numeric_feature
income,2021,נשים שכר ממוצע,income__נשים שכר ממוצע,224,True,numeric_feature
income,2021,בעלי הכנסה משכר מספר,income__בעלי הכנסה משכר מספר,224,True,numeric_feature
income,2021,בעלי הכנסה משכר שכר ממוצע,income__בעלי הכנסה משכר שכר ממוצע,224,True,numeric_feature
income,2021,בעלי הכנסה עסקית מספר,income__בעלי הכנסה עסקית מספר,224,True,numeric_feature
income,2021,בעלי הכנסה עסקית שכר ממוצע,income__בעלי הכנסה עסקית שכר ממוצע,224,True,numeric_feature
income,2021,בעלי הכנסה משכר ועסקית מספר,income__בעלי הכנסה משכר ועסקית מספר,224,True,numeric_feature
income,2021,בעלי הכנסה משכר ועסקית שכר ממוצע,income__בעלי הכנסה משכר ועסקית שכר ממוצע,224,True,numeric_feature
income,2021,שכירים השתכרים מתחת לשכר המינימום מספר,income__שכירים השתכרים מתחת לשכר המינימום מספר,224,True,numeric_feature
income,2022,כלל בעלי הכנסה מספר,income__כלל בעלי הכנסה מספר,225,True,numeric_feature
income,2022,כלל בעלי הכנסה שכר ממוצע,income__כלל בעלי הכנסה שכר ממוצע,225,True,numeric_feature
income,2022,גברים מספר בעלי הכנסה,income__גברים מספר בעלי הכנסה,225,True,numeric_feature
income,2022,גברים שכר ממוצע,income__גברים שכר ממוצע,225,True,numeric_feature
income,2022,נשים מספר בעלי הכנסה,income__נשים מספר בעלי הכנסה,225,True,numeric_feature
income,2022,נשים שכר ממוצע,income__נשים שכר ממוצע,225,True,numeric_feature
income,2022,בעלי הכנסה משכר מספר,income__בעלי הכנסה משכר מספר,225,True,numeric_feature
income,2022,בעלי הכנסה משכר שכר ממוצע,income__בעלי הכנסה משכר שכר ממוצע,225,True,numeric_feature
income,2022,בעלי הכנסה עסקית מספר,income__בעלי הכנסה עסקית מספר,225,True,numeric_feature
income,2022,בעלי הכנסה עסקית שכר ממוצע,income__בעלי הכנסה עסקית שכר ממוצע,225,True,numeric_feature
income,2022,בעלי הכנסה משכר ועסקית מספר,income__בעלי הכנסה משכר ועסקית מספר,225,True,numeric_feature
income,2022,בעלי הכנסה משכר ועסקית שכר ממוצע,income__בעלי הכנסה משכר ועסקית שכר ממוצע,225,True,numeric_feature
income,2022,שכירים השתכרים מתחת לשכר המינימום מספר,income__שכירים השתכרים מתחת לשכר המינימום מספר,225,True,numeric_feature
income,2023,כלל בעלי הכנסה מספר,income__כלל בעלי הכנסה מספר,200,True,numeric_feature
income,2023,כלל בעלי הכנסה שכר ממוצע,income__כלל בעלי הכנסה שכר ממוצע,200,True,numeric_feature
income,2023,גברים מספר בעלי הכנסה,income__גברים מספר בעלי הכנסה,200,True,numeric_feature
income,2023,גברים שכר ממוצע,income__גברים שכר ממוצע,200,True,numeric_feature
income,2023,נשים מספר בעלי הכנסה,income__נשים מספר בעלי הכנסה,200,True,numeric_feature
income,2023,נשים שכר ממוצע,income__נשים שכר ממוצע,200,True,numeric_feature
income,2023,בעלי הכנסה משכר מספר,income__בעלי הכנסה משכר מספר,200,True,numeric_feature
income,2023,בעלי הכנסה משכר שכר ממוצע,income__בעלי הכנסה משכר שכר ממוצע,200,True,numeric_feature
income,2023,בעלי הכנסה עסקית מספר,income__בעלי הכנסה עסקית מספר,200,True,numeric_feature
income,2023,בעלי הכנסה עסקית שכר ממוצע,income__בעלי הכנסה עסקית שכר ממוצע,200,True,numeric_feature
income,2023,בעלי הכנסה משכר ועסקית מספר,income__בעלי הכנסה משכר ועסקית מספר,200,True,numeric_feature
income,2023,בעלי הכנסה משכר ועסקית שכר ממוצע,income__בעלי הכנסה משכר ועסקית שכר ממוצע,200,True,numeric_feature
income,2023,שכירים השתכרים מתחת לשכר המינימום מספר,income__שכירים השתכרים מתחת לשכר המינימום מספר,200,True,numeric_feature
welfare,2019,"מספר מקבלי דמי אבטלה 
(סה""כ שנתי)","welfare__מספר מקבלי דמי אבטלה 
(סה""כ שנתי",224,True,numeric_feature
welfare,2019,"אחוז מקבלי דמי אבטלה מבני 67-20
(שנתי)","welfare__אחוז מקבלי דמי אבטלה מבני 67-20
(שנתי",224,True,numeric_feature
welfare,2019,"מקבלי דמי אבטלה 
(ממוצע חודשי) סה""כ","welfare__מקבלי דמי אבטלה 
(ממוצע חודשי) סה""כ",223,True,numeric_feature
welfare,2019,"מקבלי דמי אבטלה 
(ממוצע חודשי) גברים","welfare__מקבלי דמי אבטלה 
(ממוצע חודשי) גברים",218,True,numeric_feature
welfare,2019,"אחוז מקבלי דמי אבטלה מבני 67-20
(ממוצע חודשי)","welfare__אחוז מקבלי דמי אבטלה מבני 67-20
(ממוצע חודשי",223,True,numeric_feature
welfare,2019,"גיל ממוצע של מקבלי דמי אבטלה
(לא כולל חיילים)","welfare__גיל ממוצע של מקבלי דמי אבטלה
(לא כולל חיילים",224,True,numeric_feature
welfare,2019,"דמי אבטלה ממוצעים ליום
(ש""ח)","welfare__דמי אבטלה ממוצעים ליום
(ש""ח",224,True,numeric_feature
welfare,2019,"ימי זכאות לדמי אבטלה
(ממוצע שנתי)","welfare__ימי זכאות לדמי אבטלה
(ממוצע שנתי",224,True,numeric_feature
welfare,2019,"ניצול ימי אבטלה בשנה 
(ממוצע שנתי)","welfare__ניצול ימי אבטלה בשנה 
(ממוצע שנתי",224,True,numeric_feature
welfare,2019,"ניצול ימי אבטלה בשנה 
(חציון שנתי)","welfare__ניצול ימי אבטלה בשנה 
(חציון שנתי",224,True,numeric_feature
welfare,2019,"מקבלי הכשרה מקצועית
סה""כ","welfare__מקבלי הכשרה מקצועית
סה""כ",10,True,numeric_feature
welfare,2019,"מקבלי קצבאות זקנה ושאירים סה""כ (סוף שנה)","welfare__מקבלי קצבאות זקנה ושאירים סה""כ (סוף שנה",224,True,numeric_feature
welfare,2019,אחוז מקבלי השלמת הכנסה מבין מקבלי קצבאות זקנה ושאירים (סוף שנה),welfare__אחוז מקבלי השלמת הכנסה מבין מקבלי קצבאות זקנה ושאירים (סוף שנה,224,True,numeric_feature
welfare,2019,"מקבלי גמלת הבטחת הכנסה (נפשות, במשך השנה)","welfare__מקבלי גמלת הבטחת הכנסה (נפשות, במשך השנה",212,True,numeric_feature
welfare,2019,מקבלי גמלאות סיעוד (סוף שנה),welfare__מקבלי גמלאות סיעוד (סוף שנה,223,True,numeric_feature
welfare,2019,מקבלי גמלאות נכות כללית (סוף שנה),welfare__מקבלי גמלאות נכות כללית (סוף שנה,224,True,numeric_feature
welfare,2019,מקבלי גמלאות ניידות (סוף שנה),welfare__מקבלי גמלאות ניידות (סוף שנה,224,True,numeric_feature
welfare,2019,מקבלי גמלאות נכות מעבודה ותלויים (סוף שנה),welfare__מקבלי גמלאות נכות מעבודה ותלויים (סוף שנה,223,True,numeric_feature
welfare,2019,"אחוז המבוטחים בקופ""ח מתוך סך כל המבוטחים כללית","welfare__אחוז המבוטחים בקופ""ח מתוך סך כל המבוטחים כללית",224,True,numeric_feature
welfare,2019,"אחוז המבוטחים בקופ""ח מתוך סך כל המבוטחים מכבי","welfare__אחוז המבוטחים בקופ""ח מתוך סך כל המבוטחים מכבי",224,True,numeric_feature
welfare,2019,"אחוז המבוטחים בקופ""ח מתוך סך כל המבוטחים מאוחדת","welfare__אחוז המבוטחים בקופ""ח מתוך סך כל המבוטחים מאוחדת",224,True,numeric_feature
welfare,2019,"אחוז המבוטחים בקופ""ח מתוך סך כל המבוטחים לאומית","welfare__אחוז המבוטחים בקופ""ח מתוך סך כל המבוטחים לאומית",224,True,numeric_feature
welfare,2019,"מספר משפחות של מקבלי קצבאות  בגין ילדים (סוף שנה) סה""כ","welfare__מספר משפחות של מקבלי קצבאות  בגין ילדים (סוף שנה) סה""כ",224,True,numeric_feature
welfare,2019,מספר משפחות של מקבלי קצבאות  בגין ילדים (סוף שנה) עם 2-1 ילדים במשפחה,welfare__מספר משפחות של מקבלי קצבאות  בגין ילדים (סוף שנה) עם 2-1 ילדים במשפחה,224,True,numeric_feature
welfare,2019,מספר משפחות של מקבלי קצבאות  בגין ילדים (סוף שנה) עם 4-3 ילדים במשפחה,welfare__מספר משפחות של מקבלי קצבאות  בגין ילדים (סוף שנה) עם 4-3 ילדים במשפחה,224,True,numeric_feature
welfare,2019,מספר משפחות של מקבלי קצבאות  בגין ילדים (סוף שנה) עם 5 ילדים ויותר במשפחה,welfare__מספר משפחות של מקבלי קצבאות  בגין ילדים (סוף שנה) עם 5 ילדים ויותר במשפחה,212,True,numeric_feature
welfare,2019,"מספר ילדים שבגינם שולמו קצבאות סה""כ","welfare__מספר ילדים שבגינם שולמו קצבאות סה""כ",224,True,numeric_feature
welfare,2019,מספר ילדים שבגינם שולמו קצבאות במשפחות עם 2-1 ילדים,welfare__מספר ילדים שבגינם שולמו קצבאות במשפחות עם 2-1 ילדים,224,True,numeric_feature
welfare,2019,מספר ילדים שבגינם שולמו קצבאות במשפחות עם 4-3 ילדים,welfare__מספר ילדים שבגינם שולמו קצבאות במשפחות עם 4-3 ילדים,224,True,numeric_feature
welfare,2019,מספר ילדים שבגינם שולמו קצבאות במשפחות עם 5 ילדים ויותר,welfare__מספר ילדים שבגינם שולמו קצבאות במשפחות עם 5 ילדים ויותר,224,True,numeric_feature
welfare,2020,"מספר מקבלי דמי אבטלה 
(סה""כ שנתי)","welfare__מספר מקבלי דמי אבטלה 
(סה""כ שנתי",224,True,numeric_feature
welfare,2020,"אחוז מקבלי דמי אבטלה מבני 67-20
(שנתי)","welfare__אחוז מקבלי דמי אבטלה מבני 67-20
(שנתי",224,True,numeric_feature
welfare,2020,"מקבלי דמי אבטלה 
(ממוצע חודשי) סה""כ","welfare__מקבלי דמי אבטלה 
(ממוצע חודשי) סה""כ",224,True,numeric_feature
welfare,2020,"מקבלי דמי אבטלה 
(ממוצע חודשי) גברים","welfare__מקבלי דמי אבטלה 
(ממוצע חודשי) גברים",224,True,numeric_feature
welfare,2020,"אחוז מקבלי דמי אבטלה מבני 67-20
(ממוצע חודשי)","welfare__אחוז מקבלי דמי אבטלה מבני 67-20
(ממוצע חודשי",224,True,numeric_feature
welfare,2020,"גיל ממוצע של מקבלי דמי אבטלה
(לא כולל חיילים)","welfare__גיל ממוצע של מקבלי דמי אבטלה
(לא כולל חיילים",224,True,numeric_feature
welfare,2020,"דמי אבטלה ממוצעים ליום
(ש""ח)","welfare__דמי אבטלה ממוצעים ליום
(ש""ח",224,True,numeric_feature
welfare,2020,"ימי זכאות לדמי אבטלה
(ממוצע שנתי)","welfare__ימי זכאות לדמי אבטלה
(ממוצע שנתי",224,True,numeric_feature
welfare,2020,"ניצול ימי אבטלה בשנה 
(ממוצע שנתי)","welfare__ניצול ימי אבטלה בשנה 
(ממוצע שנתי",224,True,numeric_feature
welfare,2020,"ניצול ימי אבטלה בשנה 
(חציון שנתי)","welfare__ניצול ימי אבטלה בשנה 
(חציון שנתי",224,True,numeric_feature
welfare,2020,"מקבלי הכשרה מקצועית
סה""כ","welfare__מקבלי הכשרה מקצועית
סה""כ",5,True,numeric_feature
welfare,2020,"מקבלי קצבאות זקנה ושאירים סה""כ (סוף שנה)","welfare__מקבלי קצבאות זקנה ושאירים סה""כ (סוף שנה",224,True,numeric_feature
welfare,2020,אחוז מקבלי השלמת הכנסה מבין מקבלי קצבאות זקנה ושאירים (סוף שנה),welfare__אחוז מקבלי השלמת הכנסה מבין מקבלי קצבאות זקנה ושאירים (סוף שנה,224,True,numeric_feature
welfare,2020,"מקבלי גמלת הבטחת הכנסה (נפשות, במשך השנה)","welfare__מקבלי גמלת הבטחת הכנסה (נפשות, במשך השנה",221,True,numeric_feature
welfare,2020,מקבלי גמלאות סיעוד (סוף שנה),welfare__מקבלי גמלאות סיעוד (סוף שנה,223,True,numeric_feature
welfare,2020,מקבלי גמלאות נכות כללית (סוף שנה),welfare__מקבלי גמלאות נכות כללית (סוף שנה,224,True,numeric_feature
welfare,2020,מקבלי גמלאות ניידות (סוף שנה),welfare__מקבלי גמלאות ניידות (סוף שנה,224,True,numeric_feature
welfare,2020,מקבלי גמלאות נכות מעבודה ותלויים (סוף שנה),welfare__מקבלי גמלאות נכות מעבודה ותלויים (סוף שנה,223,True,numeric_feature
welfare,2020,"אחוז המבוטחים בקופ""ח מתוך סך כל המבוטחים כללית","welfare__אחוז המבוטחים בקופ""ח מתוך סך כל המבוטחים כללית",224,True,numeric_feature
welfare,2020,"אחוז המבוטחים בקופ""ח מתוך סך כל המבוטחים מכבי","welfare__אחוז המבוטחים בקופ""ח מתוך סך כל המבוטחים מכבי",224,True,numeric_feature
welfare,2020,"אחוז המבוטחים בקופ""ח מתוך סך כל המבוטחים מאוחדת","welfare__אחוז המבוטחים בקופ""ח מתוך סך כל המבוטחים מאוחדת",224,True,numeric_feature
welfare,2020,"אחוז המבוטחים בקופ""ח מתוך סך כל המבוטחים לאומית","welfare__אחוז המבוטחים בקופ""ח מתוך סך כל המבוטחים לאומית",224,True,numeric_feature
welfare,2020,"מספר משפחות של מקבלי קצבאות  בגין ילדים (סוף שנה) סה""כ","welfare__מספר משפחות של מקבלי קצבאות  בגין ילדים (סוף שנה) סה""כ",224,True,numeric_feature
welfare,2020,מספר משפחות של מקבלי קצבאות  בגין ילדים (סוף שנה) עם 2-1 ילדים במשפחה,welfare__מספר משפחות של מקבלי קצבאות  בגין ילדים (סוף שנה) עם 2-1 ילדים במשפחה,224,True,numeric_feature
welfare,2020,מספר משפחות של מקבלי קצבאות  בגין ילדים (סוף שנה) עם 4-3 ילדים במשפחה,welfare__מספר משפחות של מקבלי קצבאות  בגין ילדים (סוף שנה) עם 4-3 ילדים במשפחה,224,True,numeric_feature
welfare,2020,מספר משפחות של מקבלי קצבאות  בגין ילדים (סוף שנה) עם 5 ילדים ויותר במשפחה,welfare__מספר משפחות של מקבלי קצבאות  בגין ילדים (סוף שנה) עם 5 ילדים ויותר במשפחה,211,True,numeric_feature
welfare,2020,"מספר ילדים שבגינם שולמו קצבאות סה""כ","welfare__מספר ילדים שבגינם שולמו קצבאות סה""כ",224,True,numeric_feature
welfare,2020,מספר ילדים שבגינם שולמו קצבאות במשפחות עם 2-1 ילדים,welfare__מספר ילדים שבגינם שולמו קצבאות במשפחות עם 2-1 ילדים,224,True,numeric_feature
welfare,2020,מספר ילדים שבגינם שולמו קצבאות במשפחות עם 4-3 ילדים,welfare__מספר ילדים שבגינם שולמו קצבאות במשפחות עם 4-3 ילדים,224,True,numeric_feature
welfare,2020,מספר ילדים שבגינם שולמו קצבאות במשפחות עם 5 ילדים ויותר,welfare__מספר ילדים שבגינם שולמו קצבאות במשפחות עם 5 ילדים ויותר,224,True,numeric_feature
welfare,2021,"מספר מקבלי דמי אבטלה 
(סה""כ שנתי)","welfare__מספר מקבלי דמי אבטלה 
(סה""כ שנתי",224,True,numeric_feature
welfare,2021,"אחוז מקבלי דמי אבטלה מבני 67-20
(שנתי)","welfare__אחוז מקבלי דמי אבטלה מבני 67-20
(שנתי",224,True,numeric_feature
welfare,2021,"מקבלי דמי אבטלה 
(ממוצע חודשי) סה""כ","welfare__מקבלי דמי אבטלה 
(ממוצע חודשי) סה""כ",224,True,numeric_feature
welfare,2021,"מקבלי דמי אבטלה 
(ממוצע חודשי) גברים","welfare__מקבלי דמי אבטלה 
(ממוצע חודשי) גברים",224,True,numeric_feature
welfare,2021,"אחוז מקבלי דמי אבטלה מבני 67-20
(ממוצע חודשי)","welfare__אחוז מקבלי דמי אבטלה מבני 67-20
(ממוצע חודשי",224,True,numeric_feature
welfare,2021,"גיל ממוצע של מקבלי דמי אבטלה
(לא כולל חיילים)","welfare__גיל ממוצע של מקבלי דמי אבטלה
(לא כולל חיילים",224,True,numeric_feature
welfare,2021,"דמי אבטלה ממוצעים ליום
(ש""ח)","welfare__דמי אבטלה ממוצעים ליום
(ש""ח",224,True,numeric_feature
welfare,2021,"ימי זכאות לדמי אבטלה
(ממוצע שנתי)","welfare__ימי זכאות לדמי אבטלה
(ממוצע שנתי",224,True,numeric_feature
welfare,2021,"ניצול ימי אבטלה בשנה 
(ממוצע שנתי)","welfare__ניצול ימי אבטלה בשנה 
(ממוצע שנתי",224,True,numeric_feature
welfare,2021,"ניצול ימי אבטלה בשנה 
(חציון שנתי)","welfare__ניצול ימי אבטלה בשנה 
(חציון שנתי",224,True,numeric_feature
welfare,2021,"מקבלי הכשרה מקצועית
סה""כ","welfare__מקבלי הכשרה מקצועית
סה""כ",12,True,numeric_feature
welfare,2021,"מקבלי קצבאות זקנה ושאירים סה""כ (סוף שנה)","welfare__מקבלי קצבאות זקנה ושאירים סה""כ (סוף שנה",221,True,numeric_feature
welfare,2021,אחוז מקבלי השלמת הכנסה מבין מקבלי קצבאות זקנה ושאירים (סוף שנה),welfare__אחוז מקבלי השלמת הכנסה מבין מקבלי קצבאות זקנה ושאירים (סוף שנה,221,True,numeric_feature
welfare,2021,"מקבלי גמלת הבטחת הכנסה (נפשות, במשך השנה)","welfare__מקבלי גמלת הבטחת הכנסה (נפשות, במשך השנה",221,True,numeric_feature
welfare,2021,מקבלי גמלאות סיעוד (סוף שנה),welfare__מקבלי גמלאות סיעוד (סוף שנה,220,True,numeric_feature
welfare,2021,מקבלי גמלאות נכות כללית (סוף שנה),welfare__מקבלי גמלאות נכות כללית (סוף שנה,221,True,numeric_feature
welfare,2021,מקבלי גמלאות ניידות (סוף שנה),welfare__מקבלי גמלאות ניידות (סוף שנה,221,True,numeric_feature
welfare,2021,מקבלי גמלאות נכות מעבודה ותלויים (סוף שנה),welfare__מקבלי גמלאות נכות מעבודה ותלויים (סוף שנה,220,True,numeric_feature
welfare,2021,"אחוז המבוטחים בקופ""ח מתוך סך כל המבוטחים כללית","welfare__אחוז המבוטחים בקופ""ח מתוך סך כל המבוטחים כללית",221,True,numeric_feature
welfare,2021,"אחוז המבוטחים בקופ""ח מתוך סך כל המבוטחים מכבי","welfare__אחוז המבוטחים בקופ""ח מתוך סך כל המבוטחים מכבי",221,True,numeric_feature
welfare,2021,"אחוז המבוטחים בקופ""ח מתוך סך כל המבוטחים מאוחדת","welfare__אחוז המבוטחים בקופ""ח מתוך סך כל המבוטחים מאוחדת",221,True,numeric_feature
welfare,2021,"אחוז המבוטחים בקופ""ח מתוך סך כל המבוטחים לאומית","welfare__אחוז המבוטחים בקופ""ח מתוך סך כל המבוטחים לאומית",221,True,numeric_feature
welfare,2021,"מספר משפחות של מקבלי קצבאות  בגין ילדים (סוף שנה) סה""כ","welfare__מספר משפחות של מקבלי קצבאות  בגין ילדים (סוף שנה) סה""כ",224,True,numeric_feature
welfare,2021,מספר משפחות של מקבלי קצבאות  בגין ילדים (סוף שנה) עם 2-1 ילדים במשפחה,welfare__מספר משפחות של מקבלי קצבאות  בגין ילדים (סוף שנה) עם 2-1 ילדים במשפחה,224,True,numeric_feature
welfare,2021,מספר משפחות של מקבלי קצבאות  בגין ילדים (סוף שנה) עם 4-3 ילדים במשפחה,welfare__מספר משפחות של מקבלי קצבאות  בגין ילדים (סוף שנה) עם 4-3 ילדים במשפחה,224,True,numeric_feature
welfare,2021,מספר משפחות של מקבלי קצבאות  בגין ילדים (סוף שנה) עם 5 ילדים ויותר במשפחה,welfare__מספר משפחות של מקבלי קצבאות  בגין ילדים (סוף שנה) עם 5 ילדים ויותר במשפחה,210,True,numeric_feature
welfare,2021,"מספר ילדים שבגינם שולמו קצבאות סה""כ","welfare__מספר ילדים שבגינם שולמו קצבאות סה""כ",224,True,numeric_feature
welfare,2021,מספר ילדים שבגינם שולמו קצבאות במשפחות עם 2-1 ילדים,welfare__מספר ילדים שבגינם שולמו קצבאות במשפחות עם 2-1 ילדים,224,True,numeric_feature
welfare,2021,מספר ילדים שבגינם שולמו קצבאות במשפחות עם 4-3 ילדים,welfare__מספר ילדים שבגינם שולמו קצבאות במשפחות עם 4-3 ילדים,224,True,numeric_feature
welfare,2021,מספר ילדים שבגינם שולמו קצבאות במשפחות עם 5 ילדים ויותר,welfare__מספר ילדים שבגינם שולמו קצבאות במשפחות עם 5 ילדים ויותר,223,True,numeric_feature
welfare,2022,"מספר מקבלי דמי אבטלה 
(סה""כ שנתי)","welfare__מספר מקבלי דמי אבטלה 
(סה""כ שנתי",224,True,numeric_feature
welfare,2022,"אחוז מקבלי דמי אבטלה מבני 67-20
(שנתי)","welfare__אחוז מקבלי דמי אבטלה מבני 67-20
(שנתי",224,True,numeric_feature
welfare,2022,"מקבלי דמי אבטלה 
(ממוצע חודשי) סה""כ","welfare__מקבלי דמי אבטלה 
(ממוצע חודשי) סה""כ",222,True,numeric_feature
welfare,2022,"מקבלי דמי אבטלה 
(ממוצע חודשי) גברים","welfare__מקבלי דמי אבטלה 
(ממוצע חודשי) גברים",209,True,numeric_feature
welfare,2022,"אחוז מקבלי דמי אבטלה מבני 67-20
(ממוצע חודשי)","welfare__אחוז מקבלי דמי אבטלה מבני 67-20
(ממוצע חודשי",222,True,numeric_feature
welfare,2022,"גיל ממוצע של מקבלי דמי אבטלה
(לא כולל חיילים)","welfare__גיל ממוצע של מקבלי דמי אבטלה
(לא כולל חיילים",224,True,numeric_feature
welfare,2022,"דמי אבטלה ממוצעים ליום
(ש""ח)","welfare__דמי אבטלה ממוצעים ליום
(ש""ח",224,True,numeric_feature
welfare,2022,"ימי זכאות לדמי אבטלה
(ממוצע שנתי)","welfare__ימי זכאות לדמי אבטלה
(ממוצע שנתי",224,True,numeric_feature
welfare,2022,"ניצול ימי אבטלה בשנה 
(ממוצע שנתי)","welfare__ניצול ימי אבטלה בשנה 
(ממוצע שנתי",224,True,numeric_feature
welfare,2022,"ניצול ימי אבטלה בשנה 
(חציון שנתי)","welfare__ניצול ימי אבטלה בשנה 
(חציון שנתי",224,True,numeric_feature
welfare,2022,"מקבלי הכשרה מקצועית
סה""כ",,0,False,no_numeric_values
welfare,2022,"מקבלי קצבאות זקנה ושאירים סה""כ (סוף שנה)","welfare__מקבלי קצבאות זקנה ושאירים סה""כ (סוף שנה",221,True,numeric_feature
welfare,2022,אחוז מקבלי השלמת הכנסה מבין מקבלי קצבאות זקנה ושאירים (סוף שנה),welfare__אחוז מקבלי השלמת הכנסה מבין מקבלי קצבאות זקנה ושאירים (סוף שנה,221,True,numeric_feature
welfare,2022,"מקבלי גמלת הבטחת הכנסה (נפשות, במשך השנה)","welfare__מקבלי גמלת הבטחת הכנסה (נפשות, במשך השנה",216,True,numeric_feature
welfare,2022,מקבלי גמלאות סיעוד (סוף שנה),welfare__מקבלי גמלאות סיעוד (סוף שנה,221,True,numeric_feature
welfare,2022,מקבלי גמלאות נכות כללית (סוף שנה),welfare__מקבלי גמלאות נכות כללית (סוף שנה,221,True,numeric_feature
welfare,2022,מקבלי גמלאות ניידות (סוף שנה),welfare__מקבלי גמלאות ניידות (סוף שנה,221,True,numeric_feature
welfare,2022,מקבלי גמלאות נכות מעבודה ותלויים (סוף שנה),welfare__מקבלי גמלאות נכות מעבודה ותלויים (סוף שנה,220,True,numeric_feature
welfare,2022,"אחוז המבוטחים בקופ""ח מתוך סך כל המבוטחים כללית","welfare__אחוז המבוטחים בקופ""ח מתוך סך כל המבוטחים כללית",221,True,numeric_feature
welfare,2022,"אחוז המבוטחים בקופ""ח מתוך סך כל המבוטחים מכבי","welfare__אחוז המבוטחים בקופ""ח מתוך סך כל המבוטחים מכבי",221,True,numeric_feature
welfare,2022,"אחוז המבוטחים בקופ""ח מתוך סך כל המבוטחים מאוחדת","welfare__אחוז המבוטחים בקופ""ח מתוך סך כל המבוטחים מאוחדת",221,True,numeric_feature
welfare,2022,"אחוז המבוטחים בקופ""ח מתוך סך כל המבוטחים לאומית","welfare__אחוז המבוטחים בקופ""ח מתוך סך כל המבוטחים לאומית",221,True,numeric_feature
welfare,2022,"מספר משפחות של מקבלי קצבאות  בגין ילדים (סוף שנה) סה""כ","welfare__מספר משפחות של מקבלי קצבאות  בגין ילדים (סוף שנה) סה""כ",225,True,numeric_feature
welfare,2022,מספר משפחות של מקבלי קצבאות  בגין ילדים (סוף שנה) עם 2-1 ילדים במשפחה,welfare__מספר משפחות של מקבלי קצבאות  בגין ילדים (סוף שנה) עם 2-1 ילדים במשפחה,225,True,numeric_feature
welfare,2022,מספר משפחות של מקבלי קצבאות  בגין ילדים (סוף שנה) עם 4-3 ילדים במשפחה,welfare__מספר משפחות של מקבלי קצבאות  בגין ילדים (סוף שנה) עם 4-3 ילדים במשפחה,225,True,numeric_feature
welfare,2022,מספר משפחות של מקבלי קצבאות  בגין ילדים (סוף שנה) עם 5 ילדים ויותר במשפחה,welfare__מספר משפחות של מקבלי קצבאות  בגין ילדים (סוף שנה) עם 5 ילדים ויותר במשפחה,215,True,numeric_feature
welfare,2022,"מספר ילדים שבגינם שולמו קצבאות סה""כ","welfare__מספר ילדים שבגינם שולמו קצבאות סה""כ",225,True,numeric_feature
welfare,2022,מספר ילדים שבגינם שולמו קצבאות במשפחות עם 2-1 ילדים,welfare__מספר ילדים שבגינם שולמו קצבאות במשפחות עם 2-1 ילדים,225,True,numeric_feature
welfare,2022,מספר ילדים שבגינם שולמו קצבאות במשפחות עם 4-3 ילדים,welfare__מספר ילדים שבגינם שולמו קצבאות במשפחות עם 4-3 ילדים,225,True,numeric_feature
welfare,2022,מספר ילדים שבגינם שולמו קצבאות במשפחות עם 5 ילדים ויותר,welfare__מספר ילדים שבגינם שולמו קצבאות במשפחות עם 5 ילדים ויותר,225,True,numeric_feature
welfare,2023,"מספר מקבלי דמי אבטלה 
(סה""כ שנתי)","welfare__מספר מקבלי דמי אבטלה 
(סה""כ שנתי",225,True,numeric_feature
welfare,2023,"אחוז מקבלי דמי אבטלה מבני 67-20
(שנתי)","welfare__אחוז מקבלי דמי אבטלה מבני 67-20
(שנתי",225,True,numeric_feature
welfare,2023,"מקבלי דמי אבטלה 
(ממוצע חודשי) סה""כ","welfare__מקבלי דמי אבטלה 
(ממוצע חודשי) סה""כ",225,True,numeric_feature
welfare,2023,"מקבלי דמי אבטלה 
(ממוצע חודשי) גברים","welfare__מקבלי דמי אבטלה 
(ממוצע חודשי) גברים",222,True,numeric_feature
welfare,2023,"אחוז מקבלי דמי אבטלה מבני 67-20
(ממוצע חודשי)","welfare__אחוז מקבלי דמי אבטלה מבני 67-20
(ממוצע חודשי",225,True,numeric_feature
welfare,2023,"גיל ממוצע של מקבלי דמי אבטלה
(לא כולל חיילים)","welfare__גיל ממוצע של מקבלי דמי אבטלה
(לא כולל חיילים",225,True,numeric_feature
welfare,2023,"דמי אבטלה ממוצעים ליום
(ש""ח)","welfare__דמי אבטלה ממוצעים ליום
(ש""ח",225,True,numeric_feature
welfare,2023,"ימי זכאות לדמי אבטלה
(ממוצע שנתי)","welfare__ימי זכאות לדמי אבטלה
(ממוצע שנתי",225,True,numeric_feature
welfare,2023,"ניצול ימי אבטלה בשנה 
(ממוצע שנתי)","welfare__ניצול ימי אבטלה בשנה 
(ממוצע שנתי",225,True,numeric_feature
welfare,2023,"ניצול ימי אבטלה בשנה 
(חציון שנתי)","welfare__ניצול ימי אבטלה בשנה 
(חציון שנתי",225,True,numeric_feature
welfare,2023,"מקבלי הכשרה מקצועית
סה""כ",,0,False,no_numeric_values
welfare,2023,"מקבלי קצבאות זקנה ושאירים סה""כ (סוף שנה)","welfare__מקבלי קצבאות זקנה ושאירים סה""כ (סוף שנה",226,True,numeric_feature
welfare,2023,אחוז מקבלי השלמת הכנסה מבין מקבלי קצבאות זקנה ושאירים (סוף שנה),welfare__אחוז מקבלי השלמת הכנסה מבין מקבלי קצבאות זקנה ושאירים (סוף שנה,226,True,numeric_feature
welfare,2023,"מקבלי גמלת הבטחת הכנסה (נפשות, במשך השנה)","welfare__מקבלי גמלת הבטחת הכנסה (נפשות, במשך השנה",221,True,numeric_feature
welfare,2023,מקבלי גמלאות סיעוד (סוף שנה),welfare__מקבלי גמלאות סיעוד (סוף שנה,226,True,numeric_feature
welfare,2023,מקבלי גמלאות נכות כללית (סוף שנה),welfare__מקבלי גמלאות נכות כללית (סוף שנה,226,True,numeric_feature
welfare,2023,מקבלי גמלאות ניידות (סוף שנה),welfare__מקבלי גמלאות ניידות (סוף שנה,225,True,numeric_feature
welfare,2023,מקבלי גמלאות נכות מעבודה ותלויים (סוף שנה),welfare__מקבלי גמלאות נכות מעבודה ותלויים (סוף שנה,224,True,numeric_feature
welfare,2023,"אחוז המבוטחים בקופ""ח מתוך סך כל המבוטחים כללית","welfare__אחוז המבוטחים בקופ""ח מתוך סך כל המבוטחים כללית",222,True,numeric_feature
welfare,2023,"אחוז המבוטחים בקופ""ח מתוך סך כל המבוטחים מכבי","welfare__אחוז המבוטחים בקופ""ח מתוך סך כל המבוטחים מכבי",222,True,numeric_feature
welfare,2023,"אחוז המבוטחים בקופ""ח מתוך סך כל המבוטחים מאוחדת","welfare__אחוז המבוטחים בקופ""ח מתוך סך כל המבוטחים מאוחדת",222,True,numeric_feature
welfare,2023,"אחוז המבוטחים בקופ""ח מתוך סך כל המבוטחים לאומית","welfare__אחוז המבוטחים בקופ""ח מתוך סך כל המבוטחים לאומית",222,True,numeric_feature
welfare,2023,"מספר משפחות של מקבלי קצבאות  בגין ילדים (סוף שנה) סה""כ","welfare__מספר משפחות של מקבלי קצבאות  בגין ילדים (סוף שנה) סה""כ",225,True,numeric_feature
welfare,2023,מספר משפחות של מקבלי קצבאות  בגין ילדים (סוף שנה) עם 2-1 ילדים במשפחה,welfare__מספר משפחות של מקבלי קצבאות  בגין ילדים (סוף שנה) עם 2-1 ילדים במשפחה,225,True,numeric_feature
welfare,2023,מספר משפחות של מקבלי קצבאות  בגין ילדים (סוף שנה) עם 4-3 ילדים במשפחה,welfare__מספר משפחות של מקבלי קצבאות  בגין ילדים (סוף שנה) עם 4-3 ילדים במשפחה,225,True,numeric_feature
welfare,2023,מספר משפחות של מקבלי קצבאות  בגין ילדים (סוף שנה) עם 5 ילדים ויותר במשפחה,welfare__מספר משפחות של מקבלי קצבאות  בגין ילדים (סוף שנה) עם 5 ילדים ויותר במשפחה,209,True,numeric_feature
welfare,2023,"מספר ילדים שבגינם שולמו קצבאות סה""כ","welfare__מספר ילדים שבגינם שולמו קצבאות סה""כ",225,True,numeric_feature
welfare,2023,מספר ילדים שבגינם שולמו קצבאות במשפחות עם 2-1 ילדים,welfare__מספר ילדים שבגינם שולמו קצבאות במשפחות עם 2-1 ילדים,225,True,numeric_feature
welfare,2023,מספר ילדים שבגינם שולמו קצבאות במשפחות עם 4-3 ילדים,welfare__מספר ילדים שבגינם שולמו קצבאות במשפחות עם 4-3 ילדים,225,True,numeric_feature
welfare,2023,מספר ילדים שבגינם שולמו קצבאות במשפחות עם 5 ילדים ויותר,welfare__מספר ילדים שבגינם שולמו קצבאות במשפחות עם 5 ילדים ויותר,223,True,numeric_feature
