feature,source,year,non_missing_rows,total_locality_rows,availability_pct
"demographic__צפיפות אוכלוסייה לקמ''ר ביישובים שמנו 5,000 תושבים ויותר",demographic,2019,174,226,76.99115044247787
"demographic__צפיפות אוכלוסייה לקמ''ר ביישובים שמנו 5,000 תושבים ויותר",demographic,2020,163,224,72.76785714285714
"demographic__צפיפות אוכלוסייה לקמ''ר ביישובים שמנו 5,000 תושבים ויותר",demographic,2021,164,224,73.21428571428571
"demographic__צפיפות אוכלוסייה לקמ''ר ביישובים שמנו 5,000 תושבים ויותר",demographic,2022,164,226,72.56637168141593
"demographic__צפיפות אוכלוסייה לקמ''ר ביישובים שמנו 5,000 תושבים ויותר",demographic,2023,174,226,76.99115044247787
"demographic__סה""כ  אוכלוסייה בסוף השנה",demographic,2019,193,226,85.39823008849558
"demographic__סה""כ  אוכלוסייה בסוף השנה",demographic,2020,201,224,89.73214285714286
"demographic__סה""כ  אוכלוסייה בסוף השנה",demographic,2021,201,224,89.73214285714286
"demographic__סה""כ  אוכלוסייה בסוף השנה",demographic,2022,202,226,89.38053097345133
"demographic__סה""כ  אוכלוסייה בסוף השנה",demographic,2023,193,226,85.39823008849558
demographic__סך כל הישראלים,demographic,2019,193,226,85.39823008849558
demographic__סך כל הישראלים,demographic,2020,0,224,0.0
demographic__סך כל הישראלים,demographic,2021,0,224,0.0
demographic__סך כל הישראלים,demographic,2022,0,226,0.0
demographic__סך כל הישראלים,demographic,2023,193,226,85.39823008849558
demographic__יהודים ואחרים (אחוזים מתוך כלל אוכלוסיית הישראלים,demographic,2019,170,226,75.22123893805309
demographic__יהודים ואחרים (אחוזים מתוך כלל אוכלוסיית הישראלים,demographic,2020,120,224,53.57142857142857
demographic__יהודים ואחרים (אחוזים מתוך כלל אוכלוסיית הישראלים,demographic,2021,0,224,0.0
demographic__יהודים ואחרים (אחוזים מתוך כלל אוכלוסיית הישראלים,demographic,2022,0,226,0.0
demographic__יהודים ואחרים (אחוזים מתוך כלל אוכלוסיית הישראלים,demographic,2023,170,226,75.22123893805309
"demographic__יהודים 
(אחוזים מתוך יהודים ואחרים",demographic,2019,179,226,79.20353982300885
"demographic__יהודים 
(אחוזים מתוך יהודים ואחרים",demographic,2020,120,224,53.57142857142857
"demographic__יהודים 
(אחוזים מתוך יהודים ואחרים",demographic,2021,120,224,53.57142857142857
"demographic__יהודים 
(אחוזים מתוך יהודים ואחרים",demographic,2022,122,226,53.98230088495575
"demographic__יהודים 
(אחוזים מתוך יהודים ואחרים",demographic,2023,179,226,79.20353982300885
demographic__ערבים (אחוזים מתוך כלל אוכלוסיית הישראלים,demographic,2019,177,226,78.31858407079646
demographic__ערבים (אחוזים מתוך כלל אוכלוסיית הישראלים,demographic,2020,0,224,0.0
demographic__ערבים (אחוזים מתוך כלל אוכלוסיית הישראלים,demographic,2021,0,224,0.0
demographic__ערבים (אחוזים מתוך כלל אוכלוסיית הישראלים,demographic,2022,0,226,0.0
demographic__ערבים (אחוזים מתוך כלל אוכלוסיית הישראלים,demographic,2023,177,226,78.31858407079646
demographic__מוסלמים (אחוזים מתוך האוכלוסייה הערבית,demographic,2019,178,226,78.76106194690266
demographic__מוסלמים (אחוזים מתוך האוכלוסייה הערבית,demographic,2020,87,224,38.839285714285715
demographic__מוסלמים (אחוזים מתוך האוכלוסייה הערבית,demographic,2021,86,224,38.392857142857146
demographic__מוסלמים (אחוזים מתוך האוכלוסייה הערבית,demographic,2022,89,226,39.38053097345133
demographic__מוסלמים (אחוזים מתוך האוכלוסייה הערבית,demographic,2023,178,226,78.76106194690266
demographic__נוצרים (אחוזים מתוך האוכלוסייה הערבית,demographic,2019,123,226,54.424778761061944
demographic__נוצרים (אחוזים מתוך האוכלוסייה הערבית,demographic,2020,35,224,15.625
demographic__נוצרים (אחוזים מתוך האוכלוסייה הערבית,demographic,2021,35,224,15.625
demographic__נוצרים (אחוזים מתוך האוכלוסייה הערבית,demographic,2022,51,226,22.566371681415927
demographic__נוצרים (אחוזים מתוך האוכלוסייה הערבית,demographic,2023,123,226,54.424778761061944
demographic__דרוזים (אחוזים מתוך האוכלוסייה הערבית,demographic,2019,90,226,39.823008849557525
demographic__דרוזים (אחוזים מתוך האוכלוסייה הערבית,demographic,2020,29,224,12.946428571428573
demographic__דרוזים (אחוזים מתוך האוכלוסייה הערבית,demographic,2021,29,224,12.946428571428573
demographic__דרוזים (אחוזים מתוך האוכלוסייה הערבית,demographic,2022,30,226,13.274336283185843
demographic__דרוזים (אחוזים מתוך האוכלוסייה הערבית,demographic,2023,90,226,39.823008849557525
"demographic__סה""כ גברים בסוף השנה",demographic,2019,193,226,85.39823008849558
"demographic__סה""כ גברים בסוף השנה",demographic,2020,201,224,89.73214285714286
"demographic__סה""כ גברים בסוף השנה",demographic,2021,201,224,89.73214285714286
"demographic__סה""כ גברים בסוף השנה",demographic,2022,202,226,89.38053097345133
"demographic__סה""כ גברים בסוף השנה",demographic,2023,193,226,85.39823008849558
"demographic__סה""כ נשים בסוף השנה",demographic,2019,193,226,85.39823008849558
"demographic__סה""כ נשים בסוף השנה",demographic,2020,201,224,89.73214285714286
"demographic__סה""כ נשים בסוף השנה",demographic,2021,201,224,89.73214285714286
"demographic__סה""כ נשים בסוף השנה",demographic,2022,202,226,89.38053097345133
"demographic__סה""כ נשים בסוף השנה",demographic,2023,193,226,85.39823008849558
demographic__אחוז באוכלוסייה בסוף השנה בני 4-0,demographic,2019,193,226,85.39823008849558
demographic__אחוז באוכלוסייה בסוף השנה בני 4-0,demographic,2020,201,224,89.73214285714286
demographic__אחוז באוכלוסייה בסוף השנה בני 4-0,demographic,2021,201,224,89.73214285714286
demographic__אחוז באוכלוסייה בסוף השנה בני 4-0,demographic,2022,202,226,89.38053097345133
demographic__אחוז באוכלוסייה בסוף השנה בני 4-0,demographic,2023,193,226,85.39823008849558
demographic__אחוז באוכלוסייה בסוף השנה בני 9-5,demographic,2019,193,226,85.39823008849558
demographic__אחוז באוכלוסייה בסוף השנה בני 9-5,demographic,2020,201,224,89.73214285714286
demographic__אחוז באוכלוסייה בסוף השנה בני 9-5,demographic,2021,201,224,89.73214285714286
demographic__אחוז באוכלוסייה בסוף השנה בני 9-5,demographic,2022,202,226,89.38053097345133
demographic__אחוז באוכלוסייה בסוף השנה בני 9-5,demographic,2023,193,226,85.39823008849558
demographic__אחוז באוכלוסייה בסוף השנה בני 14-10,demographic,2019,193,226,85.39823008849558
demographic__אחוז באוכלוסייה בסוף השנה בני 14-10,demographic,2020,201,224,89.73214285714286
demographic__אחוז באוכלוסייה בסוף השנה בני 14-10,demographic,2021,201,224,89.73214285714286
demographic__אחוז באוכלוסייה בסוף השנה בני 14-10,demographic,2022,202,226,89.38053097345133
demographic__אחוז באוכלוסייה בסוף השנה בני 14-10,demographic,2023,193,226,85.39823008849558
demographic__אחוז באוכלוסייה בסוף השנה בני 19-15,demographic,2019,193,226,85.39823008849558
demographic__אחוז באוכלוסייה בסוף השנה בני 19-15,demographic,2020,201,224,89.73214285714286
demographic__אחוז באוכלוסייה בסוף השנה בני 19-15,demographic,2021,201,224,89.73214285714286
demographic__אחוז באוכלוסייה בסוף השנה בני 19-15,demographic,2022,202,226,89.38053097345133
demographic__אחוז באוכלוסייה בסוף השנה בני 19-15,demographic,2023,193,226,85.39823008849558
demographic__אחוז באוכלוסייה בסוף השנה בני 29-20,demographic,2019,193,226,85.39823008849558
demographic__אחוז באוכלוסייה בסוף השנה בני 29-20,demographic,2020,201,224,89.73214285714286
demographic__אחוז באוכלוסייה בסוף השנה בני 29-20,demographic,2021,201,224,89.73214285714286
demographic__אחוז באוכלוסייה בסוף השנה בני 29-20,demographic,2022,202,226,89.38053097345133
demographic__אחוז באוכלוסייה בסוף השנה בני 29-20,demographic,2023,193,226,85.39823008849558
demographic__אחוז באוכלוסייה בסוף השנה בני 44-30,demographic,2019,193,226,85.39823008849558
demographic__אחוז באוכלוסייה בסוף השנה בני 44-30,demographic,2020,201,224,89.73214285714286
demographic__אחוז באוכלוסייה בסוף השנה בני 44-30,demographic,2021,201,224,89.73214285714286
demographic__אחוז באוכלוסייה בסוף השנה בני 44-30,demographic,2022,202,226,89.38053097345133
demographic__אחוז באוכלוסייה בסוף השנה בני 44-30,demographic,2023,193,226,85.39823008849558
demographic__אחוז באוכלוסייה בסוף השנה בני 59-45,demographic,2019,193,226,85.39823008849558
demographic__אחוז באוכלוסייה בסוף השנה בני 59-45,demographic,2020,201,224,89.73214285714286
demographic__אחוז באוכלוסייה בסוף השנה בני 59-45,demographic,2021,201,224,89.73214285714286
demographic__אחוז באוכלוסייה בסוף השנה בני 59-45,demographic,2022,202,226,89.38053097345133
demographic__אחוז באוכלוסייה בסוף השנה בני 59-45,demographic,2023,193,226,85.39823008849558
demographic__אחוז באוכלוסייה בסוף השנה בני 64-60,demographic,2019,193,226,85.39823008849558
demographic__אחוז באוכלוסייה בסוף השנה בני 64-60,demographic,2020,201,224,89.73214285714286
demographic__אחוז באוכלוסייה בסוף השנה בני 64-60,demographic,2021,201,224,89.73214285714286
demographic__אחוז באוכלוסייה בסוף השנה בני 64-60,demographic,2022,202,226,89.38053097345133
demographic__אחוז באוכלוסייה בסוף השנה בני 64-60,demographic,2023,193,226,85.39823008849558
demographic__אחוז באוכלוסייה בסוף השנה בני 65 ומעלה,demographic,2019,193,226,85.39823008849558
demographic__אחוז באוכלוסייה בסוף השנה בני 65 ומעלה,demographic,2020,201,224,89.73214285714286
demographic__אחוז באוכלוסייה בסוף השנה בני 65 ומעלה,demographic,2021,201,224,89.73214285714286
demographic__אחוז באוכלוסייה בסוף השנה בני 65 ומעלה,demographic,2022,202,226,89.38053097345133
demographic__אחוז באוכלוסייה בסוף השנה בני 65 ומעלה,demographic,2023,193,226,85.39823008849558
demographic__אחוז באוכלוסייה בסוף השנה בני 17-0,demographic,2019,193,226,85.39823008849558
demographic__אחוז באוכלוסייה בסוף השנה בני 17-0,demographic,2020,201,224,89.73214285714286
demographic__אחוז באוכלוסייה בסוף השנה בני 17-0,demographic,2021,201,224,89.73214285714286
demographic__אחוז באוכלוסייה בסוף השנה בני 17-0,demographic,2022,202,226,89.38053097345133
demographic__אחוז באוכלוסייה בסוף השנה בני 17-0,demographic,2023,193,226,85.39823008849558
demographic__אחוז באוכלוסייה בסוף השנה בני 75 ומעלה,demographic,2019,193,226,85.39823008849558
demographic__אחוז באוכלוסייה בסוף השנה בני 75 ומעלה,demographic,2020,201,224,89.73214285714286
demographic__אחוז באוכלוסייה בסוף השנה בני 75 ומעלה,demographic,2021,201,224,89.73214285714286
demographic__אחוז באוכלוסייה בסוף השנה בני 75 ומעלה,demographic,2022,202,226,89.38053097345133
demographic__אחוז באוכלוסייה בסוף השנה בני 75 ומעלה,demographic,2023,193,226,85.39823008849558
"demographic__יחס תלות (ל-1,000 תושבים בלתי תלויים",demographic,2019,193,226,85.39823008849558
"demographic__יחס תלות (ל-1,000 תושבים בלתי תלויים",demographic,2020,201,224,89.73214285714286
"demographic__יחס תלות (ל-1,000 תושבים בלתי תלויים",demographic,2021,201,224,89.73214285714286
"demographic__יחס תלות (ל-1,000 תושבים בלתי תלויים",demographic,2022,202,226,89.38053097345133
"demographic__יחס תלות (ל-1,000 תושבים בלתי תלויים",demographic,2023,193,226,85.39823008849558
demographic__לידות חי,demographic,2019,193,226,85.39823008849558
demographic__לידות חי,demographic,2020,201,224,89.73214285714286
demographic__לידות חי,demographic,2021,201,224,89.73214285714286
demographic__לידות חי,demographic,2022,202,226,89.38053097345133
demographic__לידות חי,demographic,2023,193,226,85.39823008849558
demographic__שיעור פריון כולל,demographic,2019,141,226,62.38938053097345
demographic__שיעור פריון כולל,demographic,2020,134,224,59.82142857142857
demographic__שיעור פריון כולל,demographic,2021,138,224,61.60714285714286
demographic__שיעור פריון כולל,demographic,2022,140,226,61.94690265486725
demographic__שיעור פריון כולל,demographic,2023,141,226,62.38938053097345
demographic__פטירות תינוקות (ממוצע,demographic,2019,164,226,72.56637168141593
demographic__פטירות תינוקות (ממוצע,demographic,2020,169,224,75.44642857142857
demographic__פטירות תינוקות (ממוצע,demographic,2021,169,224,75.44642857142857
demographic__פטירות תינוקות (ממוצע,demographic,2022,171,226,75.66371681415929
demographic__פטירות תינוקות (ממוצע,demographic,2023,164,226,72.56637168141593
"demographic__שיעור פטירות תינוקות ל-1,000 לידות חי",demographic,2019,24,226,10.619469026548673
"demographic__שיעור פטירות תינוקות ל-1,000 לידות חי",demographic,2020,23,224,10.267857142857142
"demographic__שיעור פטירות תינוקות ל-1,000 לידות חי",demographic,2021,24,224,10.714285714285714
"demographic__שיעור פטירות תינוקות ל-1,000 לידות חי",demographic,2022,26,226,11.504424778761061
"demographic__שיעור פטירות תינוקות ל-1,000 לידות חי",demographic,2023,24,226,10.619469026548673
demographic__פטירות,demographic,2019,193,226,85.39823008849558
demographic__פטירות,demographic,2020,201,224,89.73214285714286
demographic__פטירות,demographic,2021,201,224,89.73214285714286
demographic__פטירות,demographic,2022,202,226,89.38053097345133
demographic__פטירות,demographic,2023,193,226,85.39823008849558
"demographic__שיעור פטירות מתוקנן ל-1,000 תושבים",demographic,2019,180,226,79.64601769911505
"demographic__שיעור פטירות מתוקנן ל-1,000 תושבים",demographic,2020,201,224,89.73214285714286
"demographic__שיעור פטירות מתוקנן ל-1,000 תושבים",demographic,2021,176,224,78.57142857142857
"demographic__שיעור פטירות מתוקנן ל-1,000 תושבים",demographic,2022,176,226,77.87610619469027
"demographic__שיעור פטירות מתוקנן ל-1,000 תושבים",demographic,2023,180,226,79.64601769911505
"demographic__ריבוי טבעי
סה""כ",demographic,2019,193,226,85.39823008849558
"demographic__ריבוי טבעי
סה""כ",demographic,2020,201,224,89.73214285714286
"demographic__ריבוי טבעי
סה""כ",demographic,2021,201,224,89.73214285714286
"demographic__ריבוי טבעי
סה""כ",demographic,2022,202,226,89.38053097345133
"demographic__ריבוי טבעי
סה""כ",demographic,2023,193,226,85.39823008849558
"demographic__ריבוי טבעי  ל-1,000 תושבים",demographic,2019,193,226,85.39823008849558
"demographic__ריבוי טבעי  ל-1,000 תושבים",demographic,2020,201,224,89.73214285714286
"demographic__ריבוי טבעי  ל-1,000 תושבים",demographic,2021,201,224,89.73214285714286
"demographic__ריבוי טבעי  ל-1,000 תושבים",demographic,2022,202,226,89.38053097345133
"demographic__ריבוי טבעי  ל-1,000 תושבים",demographic,2023,193,226,85.39823008849558
demographic__אחוז גידול האוכלוסייה לעומת השנה הקודמת,demographic,2019,193,226,85.39823008849558
demographic__אחוז גידול האוכלוסייה לעומת השנה הקודמת,demographic,2020,201,224,89.73214285714286
demographic__אחוז גידול האוכלוסייה לעומת השנה הקודמת,demographic,2021,201,224,89.73214285714286
demographic__אחוז גידול האוכלוסייה לעומת השנה הקודמת,demographic,2022,202,226,89.38053097345133
demographic__אחוז גידול האוכלוסייה לעומת השנה הקודמת,demographic,2023,193,226,85.39823008849558
demographic__אחוז עולי 1990+ מסך האוכלוסייה,demographic,2019,193,226,85.39823008849558
demographic__אחוז עולי 1990+ מסך האוכלוסייה,demographic,2020,201,224,89.73214285714286
demographic__אחוז עולי 1990+ מסך האוכלוסייה,demographic,2021,201,224,89.73214285714286
demographic__אחוז עולי 1990+ מסך האוכלוסייה,demographic,2022,144,226,63.716814159292035
demographic__אחוז עולי 1990+ מסך האוכלוסייה,demographic,2023,193,226,85.39823008849558
demographic__השתקעות ראשונה של עולים,demographic,2019,109,226,48.23008849557522
demographic__השתקעות ראשונה של עולים,demographic,2020,178,224,79.46428571428571
demographic__השתקעות ראשונה של עולים,demographic,2021,176,224,78.57142857142857
demographic__השתקעות ראשונה של עולים,demographic,2022,105,226,46.46017699115044
demographic__השתקעות ראשונה של עולים,demographic,2023,109,226,48.23008849557522
demographic__אחוז עולים בהשתקעות ראשונה בני 17-0,demographic,2019,112,226,49.557522123893804
demographic__אחוז עולים בהשתקעות ראשונה בני 17-0,demographic,2020,178,224,79.46428571428571
demographic__אחוז עולים בהשתקעות ראשונה בני 17-0,demographic,2021,176,224,78.57142857142857
demographic__אחוז עולים בהשתקעות ראשונה בני 17-0,demographic,2022,104,226,46.017699115044245
demographic__אחוז עולים בהשתקעות ראשונה בני 17-0,demographic,2023,112,226,49.557522123893804
demographic__אחוז עולים בהשתקעות ראשונה בני 44-18,demographic,2019,123,226,54.424778761061944
demographic__אחוז עולים בהשתקעות ראשונה בני 44-18,demographic,2020,178,224,79.46428571428571
demographic__אחוז עולים בהשתקעות ראשונה בני 44-18,demographic,2021,176,224,78.57142857142857
demographic__אחוז עולים בהשתקעות ראשונה בני 44-18,demographic,2022,105,226,46.46017699115044
demographic__אחוז עולים בהשתקעות ראשונה בני 44-18,demographic,2023,123,226,54.424778761061944
demographic__אחוז עולים בהשתקעות ראשונה בני 64-45,demographic,2019,124,226,54.86725663716814
demographic__אחוז עולים בהשתקעות ראשונה בני 64-45,demographic,2020,178,224,79.46428571428571
demographic__אחוז עולים בהשתקעות ראשונה בני 64-45,demographic,2021,176,224,78.57142857142857
demographic__אחוז עולים בהשתקעות ראשונה בני 64-45,demographic,2022,103,226,45.57522123893805
demographic__אחוז עולים בהשתקעות ראשונה בני 64-45,demographic,2023,124,226,54.86725663716814
demographic__אחוז עולים בהשתקעות ראשונה בני 65 ומעלה,demographic,2019,124,226,54.86725663716814
demographic__אחוז עולים בהשתקעות ראשונה בני 65 ומעלה,demographic,2020,178,224,79.46428571428571
demographic__אחוז עולים בהשתקעות ראשונה בני 65 ומעלה,demographic,2021,176,224,78.57142857142857
demographic__אחוז עולים בהשתקעות ראשונה בני 65 ומעלה,demographic,2022,102,226,45.13274336283185
demographic__אחוז עולים בהשתקעות ראשונה בני 65 ומעלה,demographic,2023,124,226,54.86725663716814
"demographic__מאזן הגירה ביישוב
סה""כ",demographic,2019,193,226,85.39823008849558
"demographic__מאזן הגירה ביישוב
סה""כ",demographic,2020,199,224,88.83928571428571
"demographic__מאזן הגירה ביישוב
סה""כ",demographic,2021,201,224,89.73214285714286
"demographic__מאזן הגירה ביישוב
סה""כ",demographic,2022,202,226,89.38053097345133
"demographic__מאזן הגירה ביישוב
סה""כ",demographic,2023,193,226,85.39823008849558
demographic__מאזן הגירה פנימית,demographic,2019,188,226,83.1858407079646
demographic__מאזן הגירה פנימית,demographic,2020,199,224,88.83928571428571
demographic__מאזן הגירה פנימית,demographic,2021,201,224,89.73214285714286
demographic__מאזן הגירה פנימית,demographic,2022,202,226,89.38053097345133
demographic__מאזן הגירה פנימית,demographic,2023,188,226,83.1858407079646
"demographic__נכנסים מיישובים אחרים סה""כ",demographic,2019,188,226,83.1858407079646
"demographic__נכנסים מיישובים אחרים סה""כ",demographic,2020,201,224,89.73214285714286
"demographic__נכנסים מיישובים אחרים סה""כ",demographic,2021,201,224,89.73214285714286
"demographic__נכנסים מיישובים אחרים סה""כ",demographic,2022,201,226,88.93805309734513
"demographic__נכנסים מיישובים אחרים סה""כ",demographic,2023,188,226,83.1858407079646
demographic__נכנסים מיישובים אחרים גברים,demographic,2019,186,226,82.30088495575221
demographic__נכנסים מיישובים אחרים גברים,demographic,2020,201,224,89.73214285714286
demographic__נכנסים מיישובים אחרים גברים,demographic,2021,201,224,89.73214285714286
demographic__נכנסים מיישובים אחרים גברים,demographic,2022,192,226,84.95575221238938
demographic__נכנסים מיישובים אחרים גברים,demographic,2023,186,226,82.30088495575221
demographic__נכנסים מיישובים אחרים נשים,demographic,2019,188,226,83.1858407079646
demographic__נכנסים מיישובים אחרים נשים,demographic,2020,201,224,89.73214285714286
demographic__נכנסים מיישובים אחרים נשים,demographic,2021,201,224,89.73214285714286
demographic__נכנסים מיישובים אחרים נשים,demographic,2022,200,226,88.49557522123894
demographic__נכנסים מיישובים אחרים נשים,demographic,2023,188,226,83.1858407079646
demographic__נכנסים מיישובים אחרים עד גיל 14,demographic,2019,185,226,81.85840707964603
demographic__נכנסים מיישובים אחרים עד גיל 14,demographic,2020,200,224,89.28571428571429
demographic__נכנסים מיישובים אחרים עד גיל 14,demographic,2021,201,224,89.73214285714286
demographic__נכנסים מיישובים אחרים עד גיל 14,demographic,2022,187,226,82.7433628318584
demographic__נכנסים מיישובים אחרים עד גיל 14,demographic,2023,185,226,81.85840707964603
demographic__נכנסים מיישובים אחרים גיל 29-15,demographic,2019,186,226,82.30088495575221
demographic__נכנסים מיישובים אחרים גיל 29-15,demographic,2020,200,224,89.28571428571429
demographic__נכנסים מיישובים אחרים גיל 29-15,demographic,2021,201,224,89.73214285714286
demographic__נכנסים מיישובים אחרים גיל 29-15,demographic,2022,198,226,87.61061946902655
demographic__נכנסים מיישובים אחרים גיל 29-15,demographic,2023,186,226,82.30088495575221
demographic__נכנסים מיישובים אחרים גיל 64-30,demographic,2019,186,226,82.30088495575221
demographic__נכנסים מיישובים אחרים גיל 64-30,demographic,2020,201,224,89.73214285714286
demographic__נכנסים מיישובים אחרים גיל 64-30,demographic,2021,201,224,89.73214285714286
demographic__נכנסים מיישובים אחרים גיל 64-30,demographic,2022,196,226,86.72566371681415
demographic__נכנסים מיישובים אחרים גיל 64-30,demographic,2023,186,226,82.30088495575221
demographic__נכנסים מיישובים אחרים גיל 65 ומעלה,demographic,2019,115,226,50.88495575221239
demographic__נכנסים מיישובים אחרים גיל 65 ומעלה,demographic,2020,155,224,69.19642857142857
demographic__נכנסים מיישובים אחרים גיל 65 ומעלה,demographic,2021,201,224,89.73214285714286
demographic__נכנסים מיישובים אחרים גיל 65 ומעלה,demographic,2022,106,226,46.902654867256636
demographic__נכנסים מיישובים אחרים גיל 65 ומעלה,demographic,2023,115,226,50.88495575221239
"demographic__יוצאים ליישובים אחרים סה""כ",demographic,2019,193,226,85.39823008849558
"demographic__יוצאים ליישובים אחרים סה""כ",demographic,2020,201,224,89.73214285714286
"demographic__יוצאים ליישובים אחרים סה""כ",demographic,2021,201,224,89.73214285714286
"demographic__יוצאים ליישובים אחרים סה""כ",demographic,2022,201,226,88.93805309734513
"demographic__יוצאים ליישובים אחרים סה""כ",demographic,2023,193,226,85.39823008849558
demographic__יוצאים ליישובים אחרים גברים,demographic,2019,188,226,83.1858407079646
demographic__יוצאים ליישובים אחרים גברים,demographic,2020,200,224,89.28571428571429
demographic__יוצאים ליישובים אחרים גברים,demographic,2021,201,224,89.73214285714286
demographic__יוצאים ליישובים אחרים גברים,demographic,2022,193,226,85.39823008849558
demographic__יוצאים ליישובים אחרים גברים,demographic,2023,188,226,83.1858407079646
demographic__יוצאים ליישובים אחרים נשים,demographic,2019,190,226,84.070796460177
demographic__יוצאים ליישובים אחרים נשים,demographic,2020,201,224,89.73214285714286
demographic__יוצאים ליישובים אחרים נשים,demographic,2021,201,224,89.73214285714286
demographic__יוצאים ליישובים אחרים נשים,demographic,2022,200,226,88.49557522123894
demographic__יוצאים ליישובים אחרים נשים,demographic,2023,190,226,84.070796460177
demographic__יוצאים ליישובים אחרים עד גיל 14,demographic,2019,185,226,81.85840707964603
demographic__יוצאים ליישובים אחרים עד גיל 14,demographic,2020,198,224,88.39285714285714
demographic__יוצאים ליישובים אחרים עד גיל 14,demographic,2021,201,224,89.73214285714286
demographic__יוצאים ליישובים אחרים עד גיל 14,demographic,2022,190,226,84.070796460177
demographic__יוצאים ליישובים אחרים עד גיל 14,demographic,2023,185,226,81.85840707964603
demographic__יוצאים ליישובים אחרים גיל 29-15,demographic,2019,190,226,84.070796460177
demographic__יוצאים ליישובים אחרים גיל 29-15,demographic,2020,201,224,89.73214285714286
demographic__יוצאים ליישובים אחרים גיל 29-15,demographic,2021,201,224,89.73214285714286
demographic__יוצאים ליישובים אחרים גיל 29-15,demographic,2022,196,226,86.72566371681415
demographic__יוצאים ליישובים אחרים גיל 29-15,demographic,2023,190,226,84.070796460177
demographic__יוצאים ליישובים אחרים גיל 64-30,demographic,2019,187,226,82.7433628318584
demographic__יוצאים ליישובים אחרים גיל 64-30,demographic,2020,200,224,89.28571428571429
demographic__יוצאים ליישובים אחרים גיל 64-30,demographic,2021,201,224,89.73214285714286
demographic__יוצאים ליישובים אחרים גיל 64-30,demographic,2022,195,226,86.28318584070797
demographic__יוצאים ליישובים אחרים גיל 64-30,demographic,2023,187,226,82.7433628318584
demographic__יוצאים ליישובים אחרים גיל 65 ומעלה,demographic,2019,119,226,52.654867256637175
demographic__יוצאים ליישובים אחרים גיל 65 ומעלה,demographic,2020,153,224,68.30357142857143
demographic__יוצאים ליישובים אחרים גיל 65 ומעלה,demographic,2021,201,224,89.73214285714286
demographic__יוצאים ליישובים אחרים גיל 65 ומעלה,demographic,2022,111,226,49.11504424778761
demographic__יוצאים ליישובים אחרים גיל 65 ומעלה,demographic,2023,119,226,52.654867256637175
demographic__הגירה בתוך הרשות המקומית,demographic,2019,153,226,67.69911504424779
demographic__הגירה בתוך הרשות המקומית,demographic,2020,192,224,85.71428571428571
demographic__הגירה בתוך הרשות המקומית,demographic,2021,201,224,89.73214285714286
demographic__הגירה בתוך הרשות המקומית,demographic,2022,156,226,69.02654867256636
demographic__הגירה בתוך הרשות המקומית,demographic,2023,153,226,67.69911504424779
"demographic__נישאים סה""כ גברים ונשים",demographic,2019,192,226,84.95575221238938
"demographic__נישאים סה""כ גברים ונשים",demographic,2020,201,224,89.73214285714286
"demographic__נישאים סה""כ גברים ונשים",demographic,2021,201,224,89.73214285714286
"demographic__נישאים סה""כ גברים ונשים",demographic,2022,200,226,88.49557522123894
"demographic__נישאים סה""כ גברים ונשים",demographic,2023,192,226,84.95575221238938
"demographic__נישאים שיעור ל-1,000 תושבים לא נשואים בני 15 ומעלה",demographic,2019,192,226,84.95575221238938
"demographic__נישאים שיעור ל-1,000 תושבים לא נשואים בני 15 ומעלה",demographic,2020,201,224,89.73214285714286
"demographic__נישאים שיעור ל-1,000 תושבים לא נשואים בני 15 ומעלה",demographic,2021,201,224,89.73214285714286
"demographic__נישאים שיעור ל-1,000 תושבים לא נשואים בני 15 ומעלה",demographic,2022,201,226,88.93805309734513
"demographic__נישאים שיעור ל-1,000 תושבים לא נשואים בני 15 ומעלה",demographic,2023,192,226,84.95575221238938
"demographic__מתגרשים סה""כ גברים ונשים",demographic,2019,191,226,84.51327433628319
"demographic__מתגרשים סה""כ גברים ונשים",demographic,2020,200,224,89.28571428571429
"demographic__מתגרשים סה""כ גברים ונשים",demographic,2021,200,224,89.28571428571429
"demographic__מתגרשים סה""כ גברים ונשים",demographic,2022,187,226,82.7433628318584
"demographic__מתגרשים סה""כ גברים ונשים",demographic,2023,191,226,84.51327433628319
"demographic__מתגרשים שיעור ל-1,000 תושבים נשואים בני 15 ומעלה",demographic,2019,190,226,84.070796460177
"demographic__מתגרשים שיעור ל-1,000 תושבים נשואים בני 15 ומעלה",demographic,2020,196,224,87.5
"demographic__מתגרשים שיעור ל-1,000 תושבים נשואים בני 15 ומעלה",demographic,2021,198,224,88.39285714285714
"demographic__מתגרשים שיעור ל-1,000 תושבים נשואים בני 15 ומעלה",demographic,2022,195,226,86.28318584070797
"demographic__מתגרשים שיעור ל-1,000 תושבים נשואים בני 15 ומעלה",demographic,2023,190,226,84.070796460177
demographic__ערבים (אחוזים,demographic,2019,0,226,0.0
demographic__ערבים (אחוזים,demographic,2020,91,224,40.625
demographic__ערבים (אחוזים,demographic,2021,91,224,40.625
demographic__ערבים (אחוזים,demographic,2022,94,226,41.5929203539823
demographic__ערבים (אחוזים,demographic,2023,0,226,0.0
demographic__אוכלוסיית דיור משותף (אחוז מתוך אוכלוסיית הרשות) סך מוסדות דיור משותף ברשות,demographic,2019,0,226,0.0
demographic__אוכלוסיית דיור משותף (אחוז מתוך אוכלוסיית הרשות) סך מוסדות דיור משותף ברשות,demographic,2020,98,224,43.75
demographic__אוכלוסיית דיור משותף (אחוז מתוך אוכלוסיית הרשות) סך מוסדות דיור משותף ברשות,demographic,2021,98,224,43.75
demographic__אוכלוסיית דיור משותף (אחוז מתוך אוכלוסיית הרשות) סך מוסדות דיור משותף ברשות,demographic,2022,0,226,0.0
demographic__אוכלוסיית דיור משותף (אחוז מתוך אוכלוסיית הרשות) סך מוסדות דיור משותף ברשות,demographic,2023,0,226,0.0
demographic__אוכלוסיית דיור משותף (אחוז מתוך אוכלוסיית הרשות) סך דיירי דיור משותף ברשות,demographic,2019,0,226,0.0
demographic__אוכלוסיית דיור משותף (אחוז מתוך אוכלוסיית הרשות) סך דיירי דיור משותף ברשות,demographic,2020,98,224,43.75
demographic__אוכלוסיית דיור משותף (אחוז מתוך אוכלוסיית הרשות) סך דיירי דיור משותף ברשות,demographic,2021,98,224,43.75
demographic__אוכלוסיית דיור משותף (אחוז מתוך אוכלוסיית הרשות) סך דיירי דיור משותף ברשות,demographic,2022,0,226,0.0
demographic__אוכלוסיית דיור משותף (אחוז מתוך אוכלוסיית הרשות) סך דיירי דיור משותף ברשות,demographic,2023,0,226,0.0
demographic__אוכלוסיית דיור משותף (אחוז מתוך אוכלוסיית הרשות) אחוז דיירים בבתי אבות ובדיור מוגן,demographic,2019,0,226,0.0
demographic__אוכלוסיית דיור משותף (אחוז מתוך אוכלוסיית הרשות) אחוז דיירים בבתי אבות ובדיור מוגן,demographic,2020,63,224,28.125
demographic__אוכלוסיית דיור משותף (אחוז מתוך אוכלוסיית הרשות) אחוז דיירים בבתי אבות ובדיור מוגן,demographic,2021,63,224,28.125
demographic__אוכלוסיית דיור משותף (אחוז מתוך אוכלוסיית הרשות) אחוז דיירים בבתי אבות ובדיור מוגן,demographic,2022,0,226,0.0
demographic__אוכלוסיית דיור משותף (אחוז מתוך אוכלוסיית הרשות) אחוז דיירים בבתי אבות ובדיור מוגן,demographic,2023,0,226,0.0
demographic__אוכלוסיית דיור משותף (אחוז מתוך אוכלוסיית הרשות) אחוז דיירים במוסדות חינוך,demographic,2019,0,226,0.0
demographic__אוכלוסיית דיור משותף (אחוז מתוך אוכלוסיית הרשות) אחוז דיירים במוסדות חינוך,demographic,2020,57,224,25.44642857142857
demographic__אוכלוסיית דיור משותף (אחוז מתוך אוכלוסיית הרשות) אחוז דיירים במוסדות חינוך,demographic,2021,57,224,25.44642857142857
demographic__אוכלוסיית דיור משותף (אחוז מתוך אוכלוסיית הרשות) אחוז דיירים במוסדות חינוך,demographic,2022,0,226,0.0
demographic__אוכלוסיית דיור משותף (אחוז מתוך אוכלוסיית הרשות) אחוז דיירים במוסדות חינוך,demographic,2023,0,226,0.0
demographic__אוכלוסיית דיור משותף (אחוז מתוך אוכלוסיית הרשות) אחוז דיירים במוסדות דת,demographic,2019,0,226,0.0
demographic__אוכלוסיית דיור משותף (אחוז מתוך אוכלוסיית הרשות) אחוז דיירים במוסדות דת,demographic,2020,62,224,27.67857142857143
demographic__אוכלוסיית דיור משותף (אחוז מתוך אוכלוסיית הרשות) אחוז דיירים במוסדות דת,demographic,2021,62,224,27.67857142857143
demographic__אוכלוסיית דיור משותף (אחוז מתוך אוכלוסיית הרשות) אחוז דיירים במוסדות דת,demographic,2022,0,226,0.0
demographic__אוכלוסיית דיור משותף (אחוז מתוך אוכלוסיית הרשות) אחוז דיירים במוסדות דת,demographic,2023,0,226,0.0
demographic__אוכלוסיית דיור משותף (אחוז מתוך אוכלוסיית הרשות) אחוז דיירים במוסדות אשפוז כולל הוסטלים,demographic,2019,0,226,0.0
demographic__אוכלוסיית דיור משותף (אחוז מתוך אוכלוסיית הרשות) אחוז דיירים במוסדות אשפוז כולל הוסטלים,demographic,2020,71,224,31.69642857142857
demographic__אוכלוסיית דיור משותף (אחוז מתוך אוכלוסיית הרשות) אחוז דיירים במוסדות אשפוז כולל הוסטלים,demographic,2021,71,224,31.69642857142857
demographic__אוכלוסיית דיור משותף (אחוז מתוך אוכלוסיית הרשות) אחוז דיירים במוסדות אשפוז כולל הוסטלים,demographic,2022,0,226,0.0
demographic__אוכלוסיית דיור משותף (אחוז מתוך אוכלוסיית הרשות) אחוז דיירים במוסדות אשפוז כולל הוסטלים,demographic,2023,0,226,0.0
demographic__אוכלוסיית דיור משותף (אחוז מתוך אוכלוסיית הרשות) אחוז דיירים במוסדות אחרים,demographic,2019,0,226,0.0
demographic__אוכלוסיית דיור משותף (אחוז מתוך אוכלוסיית הרשות) אחוז דיירים במוסדות אחרים,demographic,2020,67,224,29.910714285714285
demographic__אוכלוסיית דיור משותף (אחוז מתוך אוכלוסיית הרשות) אחוז דיירים במוסדות אחרים,demographic,2021,67,224,29.910714285714285
demographic__אוכלוסיית דיור משותף (אחוז מתוך אוכלוסיית הרשות) אחוז דיירים במוסדות אחרים,demographic,2022,0,226,0.0
demographic__אוכלוסיית דיור משותף (אחוז מתוך אוכלוסיית הרשות) אחוז דיירים במוסדות אחרים,demographic,2023,0,226,0.0
demographic__יהודים ואחרים (אחוזים,demographic,2019,0,226,0.0
demographic__יהודים ואחרים (אחוזים,demographic,2020,0,224,0.0
demographic__יהודים ואחרים (אחוזים,demographic,2021,120,224,53.57142857142857
demographic__יהודים ואחרים (אחוזים,demographic,2022,122,226,53.98230088495575
demographic__יהודים ואחרים (אחוזים,demographic,2023,0,226,0.0
"education__ילדים בגנים של משרד החינוך סה""כ",education,2019,201,226,88.93805309734513
"education__ילדים בגנים של משרד החינוך סה""כ",education,2020,201,224,89.73214285714286
"education__ילדים בגנים של משרד החינוך סה""כ",education,2021,201,224,89.73214285714286
"education__ילדים בגנים של משרד החינוך סה""כ",education,2022,202,226,89.38053097345133
"education__ילדים בגנים של משרד החינוך סה""כ",education,2023,193,226,85.39823008849558
education__ילדים בגנים של משרד החינוך גיל 3,education,2019,201,226,88.93805309734513
education__ילדים בגנים של משרד החינוך גיל 3,education,2020,201,224,89.73214285714286
education__ילדים בגנים של משרד החינוך גיל 3,education,2021,201,224,89.73214285714286
education__ילדים בגנים של משרד החינוך גיל 3,education,2022,202,226,89.38053097345133
education__ילדים בגנים של משרד החינוך גיל 3,education,2023,193,226,85.39823008849558
education__ילדים בגנים של משרד החינוך גיל 4,education,2019,201,226,88.93805309734513
education__ילדים בגנים של משרד החינוך גיל 4,education,2020,201,224,89.73214285714286
education__ילדים בגנים של משרד החינוך גיל 4,education,2021,201,224,89.73214285714286
education__ילדים בגנים של משרד החינוך גיל 4,education,2022,202,226,89.38053097345133
education__ילדים בגנים של משרד החינוך גיל 4,education,2023,193,226,85.39823008849558
education__ילדים בגנים של משרד החינוך גיל 5,education,2019,201,226,88.93805309734513
education__ילדים בגנים של משרד החינוך גיל 5,education,2020,201,224,89.73214285714286
education__ילדים בגנים של משרד החינוך גיל 5,education,2021,201,224,89.73214285714286
education__ילדים בגנים של משרד החינוך גיל 5,education,2022,202,226,89.38053097345133
education__ילדים בגנים של משרד החינוך גיל 5,education,2023,193,226,85.39823008849558
education__ילדים בגנים של משרד החינוך גיל 6,education,2019,186,226,82.30088495575221
education__ילדים בגנים של משרד החינוך גיל 6,education,2020,187,224,83.48214285714286
education__ילדים בגנים של משרד החינוך גיל 6,education,2021,180,224,80.35714285714286
education__ילדים בגנים של משרד החינוך גיל 6,education,2022,147,226,65.04424778761062
education__ילדים בגנים של משרד החינוך גיל 6,education,2023,190,226,84.070796460177
"education__בתי ספר סה""כ",education,2019,200,226,88.49557522123894
"education__בתי ספר סה""כ",education,2020,200,224,89.28571428571429
"education__בתי ספר סה""כ",education,2021,200,224,89.28571428571429
"education__בתי ספר סה""כ",education,2022,201,226,88.93805309734513
"education__בתי ספר סה""כ",education,2023,193,226,85.39823008849558
education__בתי ספר יסודיים,education,2019,199,226,88.05309734513274
education__בתי ספר יסודיים,education,2020,199,224,88.83928571428571
education__בתי ספר יסודיים,education,2021,199,224,88.83928571428571
education__בתי ספר יסודיים,education,2022,200,226,88.49557522123894
education__בתי ספר יסודיים,education,2023,192,226,84.95575221238938
education__בתי ספר על-יסודיים,education,2019,186,226,82.30088495575221
education__בתי ספר על-יסודיים,education,2020,187,224,83.48214285714286
education__בתי ספר על-יסודיים,education,2021,187,224,83.48214285714286
education__בתי ספר על-יסודיים,education,2022,188,226,83.1858407079646
education__בתי ספר על-יסודיים,education,2023,184,226,81.41592920353983
education__בתי ספר חטיבות ביניים,education,2019,175,226,77.43362831858407
education__בתי ספר חטיבות ביניים,education,2020,176,224,78.57142857142857
education__בתי ספר חטיבות ביניים,education,2021,176,224,78.57142857142857
education__בתי ספר חטיבות ביניים,education,2022,178,226,78.76106194690266
education__בתי ספר חטיבות ביניים,education,2023,174,226,76.99115044247787
education__בתי ספר תיכוניים,education,2019,177,226,78.31858407079646
education__בתי ספר תיכוניים,education,2020,178,224,79.46428571428571
education__בתי ספר תיכוניים,education,2021,178,224,79.46428571428571
education__בתי ספר תיכוניים,education,2022,179,226,79.20353982300885
education__בתי ספר תיכוניים,education,2023,175,226,77.43362831858407
"education__כיתות סה""כ",education,2019,200,226,88.49557522123894
"education__כיתות סה""כ",education,2020,199,224,88.83928571428571
"education__כיתות סה""כ",education,2021,200,224,89.28571428571429
"education__כיתות סה""כ",education,2022,201,226,88.93805309734513
"education__כיתות סה""כ",education,2023,193,226,85.39823008849558
education__כיתות בבתי ספר יסודיים,education,2019,199,226,88.05309734513274
education__כיתות בבתי ספר יסודיים,education,2020,199,224,88.83928571428571
education__כיתות בבתי ספר יסודיים,education,2021,199,224,88.83928571428571
education__כיתות בבתי ספר יסודיים,education,2022,200,226,88.49557522123894
education__כיתות בבתי ספר יסודיים,education,2023,192,226,84.95575221238938
education__כיתות בבתי ספר על-יסודיים,education,2019,186,226,82.30088495575221
education__כיתות בבתי ספר על-יסודיים,education,2020,187,224,83.48214285714286
education__כיתות בבתי ספר על-יסודיים,education,2021,187,224,83.48214285714286
education__כיתות בבתי ספר על-יסודיים,education,2022,188,226,83.1858407079646
education__כיתות בבתי ספר על-יסודיים,education,2023,184,226,81.41592920353983
education__כיתות בחטיבות ביניים,education,2019,175,226,77.43362831858407
education__כיתות בחטיבות ביניים,education,2020,176,224,78.57142857142857
education__כיתות בחטיבות ביניים,education,2021,176,224,78.57142857142857
education__כיתות בחטיבות ביניים,education,2022,178,226,78.76106194690266
education__כיתות בחטיבות ביניים,education,2023,174,226,76.99115044247787
education__כיתות בבתי ספר תיכוניים,education,2019,177,226,78.31858407079646
education__כיתות בבתי ספר תיכוניים,education,2020,178,224,79.46428571428571
education__כיתות בבתי ספר תיכוניים,education,2021,178,224,79.46428571428571
education__כיתות בבתי ספר תיכוניים,education,2022,179,226,79.20353982300885
education__כיתות בבתי ספר תיכוניים,education,2023,175,226,77.43362831858407
"education__תלמידים סה""כ",education,2019,200,226,88.49557522123894
"education__תלמידים סה""כ",education,2020,199,224,88.83928571428571
"education__תלמידים סה""כ",education,2021,200,224,89.28571428571429
"education__תלמידים סה""כ",education,2022,201,226,88.93805309734513
"education__תלמידים סה""כ",education,2023,193,226,85.39823008849558
education__תלמידים בבתי ספר יסודיים,education,2019,199,226,88.05309734513274
education__תלמידים בבתי ספר יסודיים,education,2020,199,224,88.83928571428571
education__תלמידים בבתי ספר יסודיים,education,2021,199,224,88.83928571428571
education__תלמידים בבתי ספר יסודיים,education,2022,200,226,88.49557522123894
education__תלמידים בבתי ספר יסודיים,education,2023,192,226,84.95575221238938
education__תלמידים בבתי ספר על-יסודיים,education,2019,186,226,82.30088495575221
education__תלמידים בבתי ספר על-יסודיים,education,2020,187,224,83.48214285714286
education__תלמידים בבתי ספר על-יסודיים,education,2021,187,224,83.48214285714286
education__תלמידים בבתי ספר על-יסודיים,education,2022,188,226,83.1858407079646
education__תלמידים בבתי ספר על-יסודיים,education,2023,184,226,81.41592920353983
education__תלמידים בחטיבות ביניים,education,2019,175,226,77.43362831858407
education__תלמידים בחטיבות ביניים,education,2020,176,224,78.57142857142857
education__תלמידים בחטיבות ביניים,education,2021,176,224,78.57142857142857
education__תלמידים בחטיבות ביניים,education,2022,178,226,78.76106194690266
education__תלמידים בחטיבות ביניים,education,2023,174,226,76.99115044247787
education__תלמידים בבתי ספר תיכוניים,education,2019,177,226,78.31858407079646
education__תלמידים בבתי ספר תיכוניים,education,2020,178,224,79.46428571428571
education__תלמידים בבתי ספר תיכוניים,education,2021,178,224,79.46428571428571
education__תלמידים בבתי ספר תיכוניים,education,2022,179,226,79.20353982300885
education__תלמידים בבתי ספר תיכוניים,education,2023,175,226,77.43362831858407
education__ממוצע תלמידים לכיתה בבתי ספר יסודיים,education,2019,201,226,88.93805309734513
education__ממוצע תלמידים לכיתה בבתי ספר יסודיים,education,2020,201,224,89.73214285714286
education__ממוצע תלמידים לכיתה בבתי ספר יסודיים,education,2021,199,224,88.83928571428571
education__ממוצע תלמידים לכיתה בבתי ספר יסודיים,education,2022,200,226,88.49557522123894
education__ממוצע תלמידים לכיתה בבתי ספר יסודיים,education,2023,193,226,85.39823008849558
"education__אחוז תלמידים נושרים סה""כ",education,2019,184,226,81.41592920353983
"education__אחוז תלמידים נושרים סה""כ",education,2020,174,224,77.67857142857143
"education__אחוז תלמידים נושרים סה""כ",education,2021,183,224,81.69642857142857
"education__אחוז תלמידים נושרים סה""כ",education,2022,185,226,81.85840707964603
"education__אחוז תלמידים נושרים סה""כ",education,2023,174,226,76.99115044247787
education__אחוז תלמידים נושרים בנים,education,2019,150,226,66.3716814159292
education__אחוז תלמידים נושרים בנים,education,2020,135,224,60.26785714285714
education__אחוז תלמידים נושרים בנים,education,2021,132,224,58.92857142857143
education__אחוז תלמידים נושרים בנים,education,2022,146,226,64.60176991150442
education__אחוז תלמידים נושרים בנים,education,2023,138,226,61.06194690265486
education__אחוז תלמידים נושרים בנות,education,2019,150,226,66.3716814159292
education__אחוז תלמידים נושרים בנות,education,2020,124,224,55.35714285714286
education__אחוז תלמידים נושרים בנות,education,2021,131,224,58.48214285714286
education__אחוז תלמידים נושרים בנות,education,2022,131,226,57.9646017699115
education__אחוז תלמידים נושרים בנות,education,2023,132,226,58.4070796460177
education__אחוז זכאים לתעודת בגרות מבין תלמידי כיתות יב,education,2019,196,226,86.72566371681415
education__אחוז זכאים לתעודת בגרות מבין תלמידי כיתות יב,education,2020,195,224,87.05357142857143
education__אחוז זכאים לתעודת בגרות מבין תלמידי כיתות יב,education,2021,201,224,89.73214285714286
education__אחוז זכאים לתעודת בגרות מבין תלמידי כיתות יב,education,2022,202,226,89.38053097345133
education__אחוז זכאים לתעודת בגרות מבין תלמידי כיתות יב,education,2023,193,226,85.39823008849558
education__אחוז זכאים לתעודת בגרות שעמדו בדרישות הסף של האוניברסיטאות מבין תלמידי כיתות יב,education,2019,196,226,86.72566371681415
education__אחוז זכאים לתעודת בגרות שעמדו בדרישות הסף של האוניברסיטאות מבין תלמידי כיתות יב,education,2020,195,224,87.05357142857143
education__אחוז זכאים לתעודת בגרות שעמדו בדרישות הסף של האוניברסיטאות מבין תלמידי כיתות יב,education,2021,201,224,89.73214285714286
education__אחוז זכאים לתעודת בגרות שעמדו בדרישות הסף של האוניברסיטאות מבין תלמידי כיתות יב,education,2022,202,226,89.38053097345133
education__אחוז זכאים לתעודת בגרות שעמדו בדרישות הסף של האוניברסיטאות מבין תלמידי כיתות יב,education,2023,193,226,85.39823008849558
education__השכלה גבוהה אחוז בעלי תארים מישראל מתוך אוכלוסיית בני 55-35,education,2019,201,226,88.93805309734513
education__השכלה גבוהה אחוז בעלי תארים מישראל מתוך אוכלוסיית בני 55-35,education,2020,201,224,89.73214285714286
education__השכלה גבוהה אחוז בעלי תארים מישראל מתוך אוכלוסיית בני 55-35,education,2021,201,224,89.73214285714286
education__השכלה גבוהה אחוז בעלי תארים מישראל מתוך אוכלוסיית בני 55-35,education,2022,202,226,89.38053097345133
education__השכלה גבוהה אחוז בעלי תארים מישראל מתוך אוכלוסיית בני 55-35,education,2023,193,226,85.39823008849558
education__השכלה גבוהה אחוז הנכנסים להשכלה גבוהה בתוך 8 שנים בקרב תלמידי יב,education,2019,156,226,69.02654867256636
education__השכלה גבוהה אחוז הנכנסים להשכלה גבוהה בתוך 8 שנים בקרב תלמידי יב,education,2020,164,224,73.21428571428571
education__השכלה גבוהה אחוז הנכנסים להשכלה גבוהה בתוך 8 שנים בקרב תלמידי יב,education,2021,160,224,71.42857142857143
education__השכלה גבוהה אחוז הנכנסים להשכלה גבוהה בתוך 8 שנים בקרב תלמידי יב,education,2022,167,226,73.89380530973452
education__השכלה גבוהה אחוז הנכנסים להשכלה גבוהה בתוך 8 שנים בקרב תלמידי יב,education,2023,162,226,71.68141592920354
education__השכלה גבוהה אחוז סטודנטים מתוך אוכלוסיית בני 25-20,education,2019,201,226,88.93805309734513
education__השכלה גבוהה אחוז סטודנטים מתוך אוכלוסיית בני 25-20,education,2020,201,224,89.73214285714286
education__השכלה גבוהה אחוז סטודנטים מתוך אוכלוסיית בני 25-20,education,2021,201,224,89.73214285714286
education__השכלה גבוהה אחוז סטודנטים מתוך אוכלוסיית בני 25-20,education,2022,202,226,89.38053097345133
education__השכלה גבוהה אחוז סטודנטים מתוך אוכלוסיית בני 25-20,education,2023,193,226,85.39823008849558
education__השכלה גבוהה אחוז סטודנטים מתוך כלל האוכלוסייה,education,2019,201,226,88.93805309734513
education__השכלה גבוהה אחוז סטודנטים מתוך כלל האוכלוסייה,education,2020,201,224,89.73214285714286
education__השכלה גבוהה אחוז סטודנטים מתוך כלל האוכלוסייה,education,2021,201,224,89.73214285714286
education__השכלה גבוהה אחוז סטודנטים מתוך כלל האוכלוסייה,education,2022,202,226,89.38053097345133
education__השכלה גבוהה אחוז סטודנטים מתוך כלל האוכלוסייה,education,2023,193,226,85.39823008849558
education__עובדי הוראה מספר עובדי הוראה,education,2019,185,226,81.85840707964603
education__עובדי הוראה מספר עובדי הוראה,education,2020,188,224,83.92857142857143
education__עובדי הוראה מספר עובדי הוראה,education,2021,201,224,89.73214285714286
education__עובדי הוראה מספר עובדי הוראה,education,2022,197,226,87.16814159292035
education__עובדי הוראה מספר עובדי הוראה,education,2023,192,226,84.95575221238938
education__עובדי הוראה ממוצע שעות עבודה לשבוע,education,2019,185,226,81.85840707964603
education__עובדי הוראה ממוצע שעות עבודה לשבוע,education,2020,188,224,83.92857142857143
education__עובדי הוראה ממוצע שעות עבודה לשבוע,education,2021,201,224,89.73214285714286
education__עובדי הוראה ממוצע שעות עבודה לשבוע,education,2022,197,226,87.16814159292035
education__עובדי הוראה ממוצע שעות עבודה לשבוע,education,2023,192,226,84.95575221238938
education__עובדי הוראה אחוז עובדי הוראה חדשים,education,2019,183,226,80.97345132743364
education__עובדי הוראה אחוז עובדי הוראה חדשים,education,2020,188,224,83.92857142857143
education__עובדי הוראה אחוז עובדי הוראה חדשים,education,2021,201,224,89.73214285714286
education__עובדי הוראה אחוז עובדי הוראה חדשים,education,2022,196,226,86.72566371681415
education__עובדי הוראה אחוז עובדי הוראה חדשים,education,2023,187,226,82.7433628318584
education__עובדי הוראה אחוז שעות היעדרות מסך שעות עבודה שנתיות,education,2019,185,226,81.85840707964603
education__עובדי הוראה אחוז שעות היעדרות מסך שעות עבודה שנתיות,education,2020,188,224,83.92857142857143
education__עובדי הוראה אחוז שעות היעדרות מסך שעות עבודה שנתיות,education,2021,201,224,89.73214285714286
education__עובדי הוראה אחוז שעות היעדרות מסך שעות עבודה שנתיות,education,2022,197,226,87.16814159292035
education__עובדי הוראה אחוז שעות היעדרות מסך שעות עבודה שנתיות,education,2023,192,226,84.95575221238938
education__עובדי הוראה ממוצע שנות ותק מוכרות בהוראה,education,2019,185,226,81.85840707964603
education__עובדי הוראה ממוצע שנות ותק מוכרות בהוראה,education,2020,188,224,83.92857142857143
education__עובדי הוראה ממוצע שנות ותק מוכרות בהוראה,education,2021,201,224,89.73214285714286
education__עובדי הוראה ממוצע שנות ותק מוכרות בהוראה,education,2022,197,226,87.16814159292035
education__עובדי הוראה ממוצע שנות ותק מוכרות בהוראה,education,2023,192,226,84.95575221238938
education__עובדי הוראה אחוז בעלי דרגת שכר תואר שני ומעלה,education,2019,185,226,81.85840707964603
education__עובדי הוראה אחוז בעלי דרגת שכר תואר שני ומעלה,education,2020,188,224,83.92857142857143
education__עובדי הוראה אחוז בעלי דרגת שכר תואר שני ומעלה,education,2021,201,224,89.73214285714286
education__עובדי הוראה אחוז בעלי דרגת שכר תואר שני ומעלה,education,2022,197,226,87.16814159292035
education__עובדי הוראה אחוז בעלי דרגת שכר תואר שני ומעלה,education,2023,192,226,84.95575221238938
education__עובדי הוראה אחוז עובדי הוראה משתלמים מכלל עובדי הוראה,education,2019,185,226,81.85840707964603
education__עובדי הוראה אחוז עובדי הוראה משתלמים מכלל עובדי הוראה,education,2020,188,224,83.92857142857143
education__עובדי הוראה אחוז עובדי הוראה משתלמים מכלל עובדי הוראה,education,2021,201,224,89.73214285714286
education__עובדי הוראה אחוז עובדי הוראה משתלמים מכלל עובדי הוראה,education,2022,197,226,87.16814159292035
education__עובדי הוראה אחוז עובדי הוראה משתלמים מכלל עובדי הוראה,education,2023,191,226,84.51327433628319
education__עובדי הוראה ממוצע תלמידים למורה,education,2019,185,226,81.85840707964603
education__עובדי הוראה ממוצע תלמידים למורה,education,2020,187,224,83.48214285714286
education__עובדי הוראה ממוצע תלמידים למורה,education,2021,201,224,89.73214285714286
education__עובדי הוראה ממוצע תלמידים למורה,education,2022,196,226,86.72566371681415
education__עובדי הוראה ממוצע תלמידים למורה,education,2023,191,226,84.51327433628319
education__עובדי הוראה ממוצע שעות עבודה שבועיות לתלמיד,education,2019,185,226,81.85840707964603
education__עובדי הוראה ממוצע שעות עבודה שבועיות לתלמיד,education,2020,187,224,83.48214285714286
education__עובדי הוראה ממוצע שעות עבודה שבועיות לתלמיד,education,2021,201,224,89.73214285714286
education__עובדי הוראה ממוצע שעות עבודה שבועיות לתלמיד,education,2022,196,226,86.72566371681415
education__עובדי הוראה ממוצע שעות עבודה שבועיות לתלמיד,education,2023,191,226,84.51327433628319
"income__שכר ממוצע לחודש של שכירים (ש""ח) כלל השכירים",income,2019,224,226,99.11504424778761
"income__שכר ממוצע לחודש של שכירים (ש""ח) כלל השכירים",income,2020,197,224,87.94642857142857
"income__שכר ממוצע לחודש של שכירים (ש""ח) כלל השכירים",income,2021,0,224,0.0
"income__שכר ממוצע לחודש של שכירים (ש""ח) כלל השכירים",income,2022,0,226,0.0
"income__שכר ממוצע לחודש של שכירים (ש""ח) כלל השכירים",income,2023,0,226,0.0
"income__שכר ממוצע לחודש של שכירים (ש""ח) גברים",income,2019,224,226,99.11504424778761
"income__שכר ממוצע לחודש של שכירים (ש""ח) גברים",income,2020,197,224,87.94642857142857
"income__שכר ממוצע לחודש של שכירים (ש""ח) גברים",income,2021,0,224,0.0
"income__שכר ממוצע לחודש של שכירים (ש""ח) גברים",income,2022,0,226,0.0
"income__שכר ממוצע לחודש של שכירים (ש""ח) גברים",income,2023,0,226,0.0
"income__שכר ממוצע לחודש של שכירים (ש""ח) נשים",income,2019,224,226,99.11504424778761
"income__שכר ממוצע לחודש של שכירים (ש""ח) נשים",income,2020,197,224,87.94642857142857
"income__שכר ממוצע לחודש של שכירים (ש""ח) נשים",income,2021,0,224,0.0
"income__שכר ממוצע לחודש של שכירים (ש""ח) נשים",income,2022,0,226,0.0
"income__שכר ממוצע לחודש של שכירים (ש""ח) נשים",income,2023,0,226,0.0
income__אחוז שינוי ריאלי לעומת השנה הקודמת של שכר ממוצע לחודש של שכירים כלל השכירים,income,2019,224,226,99.11504424778761
income__אחוז שינוי ריאלי לעומת השנה הקודמת של שכר ממוצע לחודש של שכירים כלל השכירים,income,2020,0,224,0.0
income__אחוז שינוי ריאלי לעומת השנה הקודמת של שכר ממוצע לחודש של שכירים כלל השכירים,income,2021,0,224,0.0
income__אחוז שינוי ריאלי לעומת השנה הקודמת של שכר ממוצע לחודש של שכירים כלל השכירים,income,2022,0,226,0.0
income__אחוז שינוי ריאלי לעומת השנה הקודמת של שכר ממוצע לחודש של שכירים כלל השכירים,income,2023,0,226,0.0
income__אחוז שינוי ריאלי לעומת השנה הקודמת של שכר ממוצע לחודש של שכירים גברים,income,2019,224,226,99.11504424778761
income__אחוז שינוי ריאלי לעומת השנה הקודמת של שכר ממוצע לחודש של שכירים גברים,income,2020,0,224,0.0
income__אחוז שינוי ריאלי לעומת השנה הקודמת של שכר ממוצע לחודש של שכירים גברים,income,2021,0,224,0.0
income__אחוז שינוי ריאלי לעומת השנה הקודמת של שכר ממוצע לחודש של שכירים גברים,income,2022,0,226,0.0
income__אחוז שינוי ריאלי לעומת השנה הקודמת של שכר ממוצע לחודש של שכירים גברים,income,2023,0,226,0.0
income__אחוז שינוי ריאלי לעומת השנה הקודמת של שכר ממוצע לחודש של שכירים נשים,income,2019,224,226,99.11504424778761
income__אחוז שינוי ריאלי לעומת השנה הקודמת של שכר ממוצע לחודש של שכירים נשים,income,2020,0,224,0.0
income__אחוז שינוי ריאלי לעומת השנה הקודמת של שכר ממוצע לחודש של שכירים נשים,income,2021,0,224,0.0
income__אחוז שינוי ריאלי לעומת השנה הקודמת של שכר ממוצע לחודש של שכירים נשים,income,2022,0,226,0.0
income__אחוז שינוי ריאלי לעומת השנה הקודמת של שכר ממוצע לחודש של שכירים נשים,income,2023,0,226,0.0
income__מספר השכירים,income,2019,224,226,99.11504424778761
income__מספר השכירים,income,2020,0,224,0.0
income__מספר השכירים,income,2021,0,224,0.0
income__מספר השכירים,income,2022,0,226,0.0
income__מספר השכירים,income,2023,0,226,0.0
income__אחוז השכירים המשתכרים עד שכר מינימום,income,2019,224,226,99.11504424778761
income__אחוז השכירים המשתכרים עד שכר מינימום,income,2020,0,224,0.0
income__אחוז השכירים המשתכרים עד שכר מינימום,income,2021,0,224,0.0
income__אחוז השכירים המשתכרים עד שכר מינימום,income,2022,0,226,0.0
income__אחוז השכירים המשתכרים עד שכר מינימום,income,2023,0,226,0.0
income__מספר העצמאים,income,2019,224,226,99.11504424778761
income__מספר העצמאים,income,2020,0,224,0.0
income__מספר העצמאים,income,2021,0,224,0.0
income__מספר העצמאים,income,2022,0,226,0.0
income__מספר העצמאים,income,2023,0,226,0.0
"income__הכנסה ממוצעת לחודש של העצמאים (ש""ח",income,2019,224,226,99.11504424778761
"income__הכנסה ממוצעת לחודש של העצמאים (ש""ח",income,2020,0,224,0.0
"income__הכנסה ממוצעת לחודש של העצמאים (ש""ח",income,2021,0,224,0.0
"income__הכנסה ממוצעת לחודש של העצמאים (ש""ח",income,2022,0,226,0.0
"income__הכנסה ממוצעת לחודש של העצמאים (ש""ח",income,2023,0,226,0.0
income__אחוז שינוי ריאלי של הכנסה ממוצעת לחודש של העצמאים לעומת השנה הקודמת,income,2019,224,226,99.11504424778761
income__אחוז שינוי ריאלי של הכנסה ממוצעת לחודש של העצמאים לעומת השנה הקודמת,income,2020,0,224,0.0
income__אחוז שינוי ריאלי של הכנסה ממוצעת לחודש של העצמאים לעומת השנה הקודמת,income,2021,0,224,0.0
income__אחוז שינוי ריאלי של הכנסה ממוצעת לחודש של העצמאים לעומת השנה הקודמת,income,2022,0,226,0.0
income__אחוז שינוי ריאלי של הכנסה ממוצעת לחודש של העצמאים לעומת השנה הקודמת,income,2023,0,226,0.0
income__אחוז העצמאים המשתכרים עד מחצית השכר הממוצע,income,2019,224,226,99.11504424778761
income__אחוז העצמאים המשתכרים עד מחצית השכר הממוצע,income,2020,0,224,0.0
income__אחוז העצמאים המשתכרים עד מחצית השכר הממוצע,income,2021,0,224,0.0
income__אחוז העצמאים המשתכרים עד מחצית השכר הממוצע,income,2022,0,226,0.0
income__אחוז העצמאים המשתכרים עד מחצית השכר הממוצע,income,2023,0,226,0.0
"income__מדד אי-השוויון שכירים (מדד ג'יני, 0 שוויון מלא",income,2019,224,226,99.11504424778761
"income__מדד אי-השוויון שכירים (מדד ג'יני, 0 שוויון מלא",income,2020,0,224,0.0
"income__מדד אי-השוויון שכירים (מדד ג'יני, 0 שוויון מלא",income,2021,0,224,0.0
"income__מדד אי-השוויון שכירים (מדד ג'יני, 0 שוויון מלא",income,2022,0,226,0.0
"income__מדד אי-השוויון שכירים (מדד ג'יני, 0 שוויון מלא",income,2023,0,226,0.0
income__כלל בעלי הכנסה מספר,income,2019,0,226,0.0
income__כלל בעלי הכנסה מספר,income,2020,0,224,0.0
income__כלל בעלי הכנסה מספר,income,2021,224,224,100.0
income__כלל בעלי הכנסה מספר,income,2022,225,226,99.5575221238938
income__כלל בעלי הכנסה מספר,income,2023,200,226,88.49557522123894
income__כלל בעלי הכנסה שכר ממוצע,income,2019,0,226,0.0
income__כלל בעלי הכנסה שכר ממוצע,income,2020,0,224,0.0
income__כלל בעלי הכנסה שכר ממוצע,income,2021,224,224,100.0
income__כלל בעלי הכנסה שכר ממוצע,income,2022,225,226,99.5575221238938
income__כלל בעלי הכנסה שכר ממוצע,income,2023,200,226,88.49557522123894
income__גברים מספר בעלי הכנסה,income,2019,0,226,0.0
income__גברים מספר בעלי הכנסה,income,2020,0,224,0.0
income__גברים מספר בעלי הכנסה,income,2021,224,224,100.0
income__גברים מספר בעלי הכנסה,income,2022,225,226,99.5575221238938
income__גברים מספר בעלי הכנסה,income,2023,200,226,88.49557522123894
income__גברים שכר ממוצע,income,2019,0,226,0.0
income__גברים שכר ממוצע,income,2020,0,224,0.0
income__גברים שכר ממוצע,income,2021,224,224,100.0
income__גברים שכר ממוצע,income,2022,225,226,99.5575221238938
income__גברים שכר ממוצע,income,2023,200,226,88.49557522123894
income__נשים מספר בעלי הכנסה,income,2019,0,226,0.0
income__נשים מספר בעלי הכנסה,income,2020,0,224,0.0
income__נשים מספר בעלי הכנסה,income,2021,224,224,100.0
income__נשים מספר בעלי הכנסה,income,2022,225,226,99.5575221238938
income__נשים מספר בעלי הכנסה,income,2023,200,226,88.49557522123894
income__נשים שכר ממוצע,income,2019,0,226,0.0
income__נשים שכר ממוצע,income,2020,0,224,0.0
income__נשים שכר ממוצע,income,2021,224,224,100.0
income__נשים שכר ממוצע,income,2022,225,226,99.5575221238938
income__נשים שכר ממוצע,income,2023,200,226,88.49557522123894
income__בעלי הכנסה משכר מספר,income,2019,0,226,0.0
income__בעלי הכנסה משכר מספר,income,2020,0,224,0.0
income__בעלי הכנסה משכר מספר,income,2021,224,224,100.0
income__בעלי הכנסה משכר מספר,income,2022,225,226,99.5575221238938
income__בעלי הכנסה משכר מספר,income,2023,200,226,88.49557522123894
income__בעלי הכנסה משכר שכר ממוצע,income,2019,0,226,0.0
income__בעלי הכנסה משכר שכר ממוצע,income,2020,0,224,0.0
income__בעלי הכנסה משכר שכר ממוצע,income,2021,224,224,100.0
income__בעלי הכנסה משכר שכר ממוצע,income,2022,225,226,99.5575221238938
income__בעלי הכנסה משכר שכר ממוצע,income,2023,200,226,88.49557522123894
income__בעלי הכנסה עסקית מספר,income,2019,0,226,0.0
income__בעלי הכנסה עסקית מספר,income,2020,0,224,0.0
income__בעלי הכנסה עסקית מספר,income,2021,224,224,100.0
income__בעלי הכנסה עסקית מספר,income,2022,225,226,99.5575221238938
income__בעלי הכנסה עסקית מספר,income,2023,200,226,88.49557522123894
income__בעלי הכנסה עסקית שכר ממוצע,income,2019,0,226,0.0
income__בעלי הכנסה עסקית שכר ממוצע,income,2020,0,224,0.0
income__בעלי הכנסה עסקית שכר ממוצע,income,2021,224,224,100.0
income__בעלי הכנסה עסקית שכר ממוצע,income,2022,225,226,99.5575221238938
income__בעלי הכנסה עסקית שכר ממוצע,income,2023,200,226,88.49557522123894
income__בעלי הכנסה משכר ועסקית מספר,income,2019,0,226,0.0
income__בעלי הכנסה משכר ועסקית מספר,income,2020,0,224,0.0
income__בעלי הכנסה משכר ועסקית מספר,income,2021,224,224,100.0
income__בעלי הכנסה משכר ועסקית מספר,income,2022,225,226,99.5575221238938
income__בעלי הכנסה משכר ועסקית מספר,income,2023,200,226,88.49557522123894
income__בעלי הכנסה משכר ועסקית שכר ממוצע,income,2019,0,226,0.0
income__בעלי הכנסה משכר ועסקית שכר ממוצע,income,2020,0,224,0.0
income__בעלי הכנסה משכר ועסקית שכר ממוצע,income,2021,224,224,100.0
income__בעלי הכנסה משכר ועסקית שכר ממוצע,income,2022,225,226,99.5575221238938
income__בעלי הכנסה משכר ועסקית שכר ממוצע,income,2023,200,226,88.49557522123894
income__שכירים השתכרים מתחת לשכר המינימום מספר,income,2019,0,226,0.0
income__שכירים השתכרים מתחת לשכר המינימום מספר,income,2020,0,224,0.0
income__שכירים השתכרים מתחת לשכר המינימום מספר,income,2021,224,224,100.0
income__שכירים השתכרים מתחת לשכר המינימום מספר,income,2022,225,226,99.5575221238938
income__שכירים השתכרים מתחת לשכר המינימום מספר,income,2023,200,226,88.49557522123894
income_standard__avg_monthly_wage_total,income_standard,2019,224,226,99.11504424778761
income_standard__avg_monthly_wage_total,income_standard,2020,197,224,87.94642857142857
income_standard__avg_monthly_wage_total,income_standard,2021,224,224,100.0
income_standard__avg_monthly_wage_total,income_standard,2022,225,226,99.5575221238938
income_standard__avg_monthly_wage_total,income_standard,2023,200,226,88.49557522123894
income_standard__avg_monthly_wage_men,income_standard,2019,224,226,99.11504424778761
income_standard__avg_monthly_wage_men,income_standard,2020,197,224,87.94642857142857
income_standard__avg_monthly_wage_men,income_standard,2021,224,224,100.0
income_standard__avg_monthly_wage_men,income_standard,2022,225,226,99.5575221238938
income_standard__avg_monthly_wage_men,income_standard,2023,200,226,88.49557522123894
income_standard__avg_monthly_wage_women,income_standard,2019,224,226,99.11504424778761
income_standard__avg_monthly_wage_women,income_standard,2020,197,224,87.94642857142857
income_standard__avg_monthly_wage_women,income_standard,2021,224,224,100.0
income_standard__avg_monthly_wage_women,income_standard,2022,225,226,99.5575221238938
income_standard__avg_monthly_wage_women,income_standard,2023,200,226,88.49557522123894
income_standard__pct_below_minimum_wage_direct,income_standard,2019,224,226,99.11504424778761
income_standard__pct_below_minimum_wage_direct,income_standard,2020,0,224,0.0
income_standard__pct_below_minimum_wage_direct,income_standard,2021,0,224,0.0
income_standard__pct_below_minimum_wage_direct,income_standard,2022,0,226,0.0
income_standard__pct_below_minimum_wage_direct,income_standard,2023,0,226,0.0
income_standard__below_minimum_wage_count,income_standard,2019,0,226,0.0
income_standard__below_minimum_wage_count,income_standard,2020,0,224,0.0
income_standard__below_minimum_wage_count,income_standard,2021,224,224,100.0
income_standard__below_minimum_wage_count,income_standard,2022,225,226,99.5575221238938
income_standard__below_minimum_wage_count,income_standard,2023,200,226,88.49557522123894
income_standard__income_earner_count,income_standard,2019,224,226,99.11504424778761
income_standard__income_earner_count,income_standard,2020,0,224,0.0
income_standard__income_earner_count,income_standard,2021,224,224,100.0
income_standard__income_earner_count,income_standard,2022,225,226,99.5575221238938
income_standard__income_earner_count,income_standard,2023,200,226,88.49557522123894
income_standard__gini_wage,income_standard,2019,224,226,99.11504424778761
income_standard__gini_wage,income_standard,2020,0,224,0.0
income_standard__gini_wage,income_standard,2021,0,224,0.0
income_standard__gini_wage,income_standard,2022,0,226,0.0
income_standard__gini_wage,income_standard,2023,0,226,0.0
income_standard__gender_wage_ratio,income_standard,2019,224,226,99.11504424778761
income_standard__gender_wage_ratio,income_standard,2020,197,224,87.94642857142857
income_standard__gender_wage_ratio,income_standard,2021,224,224,100.0
income_standard__gender_wage_ratio,income_standard,2022,225,226,99.5575221238938
income_standard__gender_wage_ratio,income_standard,2023,200,226,88.49557522123894
income_standard__pct_below_minimum_wage,income_standard,2019,224,226,99.11504424778761
income_standard__pct_below_minimum_wage,income_standard,2020,0,224,0.0
income_standard__pct_below_minimum_wage,income_standard,2021,224,224,100.0
income_standard__pct_below_minimum_wage,income_standard,2022,225,226,99.5575221238938
income_standard__pct_below_minimum_wage,income_standard,2023,200,226,88.49557522123894
income_standard__gini_wage_2019_static,income_standard,2019,224,226,99.11504424778761
income_standard__gini_wage_2019_static,income_standard,2020,197,224,87.94642857142857
income_standard__gini_wage_2019_static,income_standard,2021,224,224,100.0
income_standard__gini_wage_2019_static,income_standard,2022,224,226,99.11504424778761
income_standard__gini_wage_2019_static,income_standard,2023,198,226,87.61061946902655
"welfare__מספר מקבלי דמי אבטלה 
(סה""כ שנתי",welfare,2019,224,226,99.11504424778761
"welfare__מספר מקבלי דמי אבטלה 
(סה""כ שנתי",welfare,2020,224,224,100.0
"welfare__מספר מקבלי דמי אבטלה 
(סה""כ שנתי",welfare,2021,224,224,100.0
"welfare__מספר מקבלי דמי אבטלה 
(סה""כ שנתי",welfare,2022,224,226,99.11504424778761
"welfare__מספר מקבלי דמי אבטלה 
(סה""כ שנתי",welfare,2023,225,226,99.5575221238938
"welfare__אחוז מקבלי דמי אבטלה מבני 67-20
(שנתי",welfare,2019,224,226,99.11504424778761
"welfare__אחוז מקבלי דמי אבטלה מבני 67-20
(שנתי",welfare,2020,224,224,100.0
"welfare__אחוז מקבלי דמי אבטלה מבני 67-20
(שנתי",welfare,2021,224,224,100.0
"welfare__אחוז מקבלי דמי אבטלה מבני 67-20
(שנתי",welfare,2022,224,226,99.11504424778761
"welfare__אחוז מקבלי דמי אבטלה מבני 67-20
(שנתי",welfare,2023,225,226,99.5575221238938
"welfare__מקבלי דמי אבטלה 
(ממוצע חודשי) סה""כ",welfare,2019,223,226,98.67256637168141
"welfare__מקבלי דמי אבטלה 
(ממוצע חודשי) סה""כ",welfare,2020,224,224,100.0
"welfare__מקבלי דמי אבטלה 
(ממוצע חודשי) סה""כ",welfare,2021,224,224,100.0
"welfare__מקבלי דמי אבטלה 
(ממוצע חודשי) סה""כ",welfare,2022,222,226,98.23008849557522
"welfare__מקבלי דמי אבטלה 
(ממוצע חודשי) סה""כ",welfare,2023,225,226,99.5575221238938
"welfare__מקבלי דמי אבטלה 
(ממוצע חודשי) גברים",welfare,2019,218,226,96.46017699115043
"welfare__מקבלי דמי אבטלה 
(ממוצע חודשי) גברים",welfare,2020,224,224,100.0
"welfare__מקבלי דמי אבטלה 
(ממוצע חודשי) גברים",welfare,2021,224,224,100.0
"welfare__מקבלי דמי אבטלה 
(ממוצע חודשי) גברים",welfare,2022,209,226,92.47787610619469
"welfare__מקבלי דמי אבטלה 
(ממוצע חודשי) גברים",welfare,2023,222,226,98.23008849557522
"welfare__אחוז מקבלי דמי אבטלה מבני 67-20
(ממוצע חודשי",welfare,2019,223,226,98.67256637168141
"welfare__אחוז מקבלי דמי אבטלה מבני 67-20
(ממוצע חודשי",welfare,2020,224,224,100.0
"welfare__אחוז מקבלי דמי אבטלה מבני 67-20
(ממוצע חודשי",welfare,2021,224,224,100.0
"welfare__אחוז מקבלי דמי אבטלה מבני 67-20
(ממוצע חודשי",welfare,2022,222,226,98.23008849557522
"welfare__אחוז מקבלי דמי אבטלה מבני 67-20
(ממוצע חודשי",welfare,2023,225,226,99.5575221238938
"welfare__גיל ממוצע של מקבלי דמי אבטלה
(לא כולל חיילים",welfare,2019,224,226,99.11504424778761
"welfare__גיל ממוצע של מקבלי דמי אבטלה
(לא כולל חיילים",welfare,2020,224,224,100.0
"welfare__גיל ממוצע של מקבלי דמי אבטלה
(לא כולל חיילים",welfare,2021,224,224,100.0
"welfare__גיל ממוצע של מקבלי דמי אבטלה
(לא כולל חיילים",welfare,2022,224,226,99.11504424778761
"welfare__גיל ממוצע של מקבלי דמי אבטלה
(לא כולל חיילים",welfare,2023,225,226,99.5575221238938
"welfare__דמי אבטלה ממוצעים ליום
(ש""ח",welfare,2019,224,226,99.11504424778761
"welfare__דמי אבטלה ממוצעים ליום
(ש""ח",welfare,2020,224,224,100.0
"welfare__דמי אבטלה ממוצעים ליום
(ש""ח",welfare,2021,224,224,100.0
"welfare__דמי אבטלה ממוצעים ליום
(ש""ח",welfare,2022,224,226,99.11504424778761
"welfare__דמי אבטלה ממוצעים ליום
(ש""ח",welfare,2023,225,226,99.5575221238938
"welfare__ימי זכאות לדמי אבטלה
(ממוצע שנתי",welfare,2019,224,226,99.11504424778761
"welfare__ימי זכאות לדמי אבטלה
(ממוצע שנתי",welfare,2020,224,224,100.0
"welfare__ימי זכאות לדמי אבטלה
(ממוצע שנתי",welfare,2021,224,224,100.0
"welfare__ימי זכאות לדמי אבטלה
(ממוצע שנתי",welfare,2022,224,226,99.11504424778761
"welfare__ימי זכאות לדמי אבטלה
(ממוצע שנתי",welfare,2023,225,226,99.5575221238938
"welfare__ניצול ימי אבטלה בשנה 
(ממוצע שנתי",welfare,2019,224,226,99.11504424778761
"welfare__ניצול ימי אבטלה בשנה 
(ממוצע שנתי",welfare,2020,224,224,100.0
"welfare__ניצול ימי אבטלה בשנה 
(ממוצע שנתי",welfare,2021,224,224,100.0
"welfare__ניצול ימי אבטלה בשנה 
(ממוצע שנתי",welfare,2022,224,226,99.11504424778761
"welfare__ניצול ימי אבטלה בשנה 
(ממוצע שנתי",welfare,2023,225,226,99.5575221238938
"welfare__ניצול ימי אבטלה בשנה 
(חציון שנתי",welfare,2019,224,226,99.11504424778761
"welfare__ניצול ימי אבטלה בשנה 
(חציון שנתי",welfare,2020,224,224,100.0
"welfare__ניצול ימי אבטלה בשנה 
(חציון שנתי",welfare,2021,224,224,100.0
"welfare__ניצול ימי אבטלה בשנה 
(חציון שנתי",welfare,2022,224,226,99.11504424778761
"welfare__ניצול ימי אבטלה בשנה 
(חציון שנתי",welfare,2023,225,226,99.5575221238938
"welfare__מקבלי הכשרה מקצועית
סה""כ",welfare,2019,10,226,4.424778761061947
"welfare__מקבלי הכשרה מקצועית
סה""כ",welfare,2020,5,224,2.232142857142857
"welfare__מקבלי הכשרה מקצועית
סה""כ",welfare,2021,12,224,5.357142857142857
"welfare__מקבלי הכשרה מקצועית
סה""כ",welfare,2022,0,226,0.0
"welfare__מקבלי הכשרה מקצועית
סה""כ",welfare,2023,0,226,0.0
"welfare__מקבלי קצבאות זקנה ושאירים סה""כ (סוף שנה",welfare,2019,224,226,99.11504424778761
"welfare__מקבלי קצבאות זקנה ושאירים סה""כ (סוף שנה",welfare,2020,224,224,100.0
"welfare__מקבלי קצבאות זקנה ושאירים סה""כ (סוף שנה",welfare,2021,221,224,98.66071428571429
"welfare__מקבלי קצבאות זקנה ושאירים סה""כ (סוף שנה",welfare,2022,221,226,97.78761061946902
"welfare__מקבלי קצבאות זקנה ושאירים סה""כ (סוף שנה",welfare,2023,226,226,100.0
welfare__אחוז מקבלי השלמת הכנסה מבין מקבלי קצבאות זקנה ושאירים (סוף שנה,welfare,2019,224,226,99.11504424778761
welfare__אחוז מקבלי השלמת הכנסה מבין מקבלי קצבאות זקנה ושאירים (סוף שנה,welfare,2020,224,224,100.0
welfare__אחוז מקבלי השלמת הכנסה מבין מקבלי קצבאות זקנה ושאירים (סוף שנה,welfare,2021,221,224,98.66071428571429
welfare__אחוז מקבלי השלמת הכנסה מבין מקבלי קצבאות זקנה ושאירים (סוף שנה,welfare,2022,221,226,97.78761061946902
welfare__אחוז מקבלי השלמת הכנסה מבין מקבלי קצבאות זקנה ושאירים (סוף שנה,welfare,2023,226,226,100.0
"welfare__מקבלי גמלת הבטחת הכנסה (נפשות, במשך השנה",welfare,2019,212,226,93.80530973451327
"welfare__מקבלי גמלת הבטחת הכנסה (נפשות, במשך השנה",welfare,2020,221,224,98.66071428571429
"welfare__מקבלי גמלת הבטחת הכנסה (נפשות, במשך השנה",welfare,2021,221,224,98.66071428571429
"welfare__מקבלי גמלת הבטחת הכנסה (נפשות, במשך השנה",welfare,2022,216,226,95.57522123893806
"welfare__מקבלי גמלת הבטחת הכנסה (נפשות, במשך השנה",welfare,2023,221,226,97.78761061946902
welfare__מקבלי גמלאות סיעוד (סוף שנה,welfare,2019,223,226,98.67256637168141
welfare__מקבלי גמלאות סיעוד (סוף שנה,welfare,2020,223,224,99.55357142857143
welfare__מקבלי גמלאות סיעוד (סוף שנה,welfare,2021,220,224,98.21428571428571
welfare__מקבלי גמלאות סיעוד (סוף שנה,welfare,2022,221,226,97.78761061946902
welfare__מקבלי גמלאות סיעוד (סוף שנה,welfare,2023,226,226,100.0
welfare__מקבלי גמלאות נכות כללית (סוף שנה,welfare,2019,224,226,99.11504424778761
welfare__מקבלי גמלאות נכות כללית (סוף שנה,welfare,2020,224,224,100.0
welfare__מקבלי גמלאות נכות כללית (סוף שנה,welfare,2021,221,224,98.66071428571429
welfare__מקבלי גמלאות נכות כללית (סוף שנה,welfare,2022,221,226,97.78761061946902
welfare__מקבלי גמלאות נכות כללית (סוף שנה,welfare,2023,226,226,100.0
welfare__מקבלי גמלאות ניידות (סוף שנה,welfare,2019,224,226,99.11504424778761
welfare__מקבלי גמלאות ניידות (סוף שנה,welfare,2020,224,224,100.0
welfare__מקבלי גמלאות ניידות (סוף שנה,welfare,2021,221,224,98.66071428571429
welfare__מקבלי גמלאות ניידות (סוף שנה,welfare,2022,221,226,97.78761061946902
welfare__מקבלי גמלאות ניידות (סוף שנה,welfare,2023,225,226,99.5575221238938
welfare__מקבלי גמלאות נכות מעבודה ותלויים (סוף שנה,welfare,2019,223,226,98.67256637168141
welfare__מקבלי גמלאות נכות מעבודה ותלויים (סוף שנה,welfare,2020,223,224,99.55357142857143
welfare__מקבלי גמלאות נכות מעבודה ותלויים (סוף שנה,welfare,2021,220,224,98.21428571428571
welfare__מקבלי גמלאות נכות מעבודה ותלויים (סוף שנה,welfare,2022,220,226,97.34513274336283
welfare__מקבלי גמלאות נכות מעבודה ותלויים (סוף שנה,welfare,2023,224,226,99.11504424778761
"welfare__אחוז המבוטחים בקופ""ח מתוך סך כל המבוטחים כללית",welfare,2019,224,226,99.11504424778761
"welfare__אחוז המבוטחים בקופ""ח מתוך סך כל המבוטחים כללית",welfare,2020,224,224,100.0
"welfare__אחוז המבוטחים בקופ""ח מתוך סך כל המבוטחים כללית",welfare,2021,221,224,98.66071428571429
"welfare__אחוז המבוטחים בקופ""ח מתוך סך כל המבוטחים כללית",welfare,2022,221,226,97.78761061946902
"welfare__אחוז המבוטחים בקופ""ח מתוך סך כל המבוטחים כללית",welfare,2023,222,226,98.23008849557522
"welfare__אחוז המבוטחים בקופ""ח מתוך סך כל המבוטחים מכבי",welfare,2019,224,226,99.11504424778761
"welfare__אחוז המבוטחים בקופ""ח מתוך סך כל המבוטחים מכבי",welfare,2020,224,224,100.0
"welfare__אחוז המבוטחים בקופ""ח מתוך סך כל המבוטחים מכבי",welfare,2021,221,224,98.66071428571429
"welfare__אחוז המבוטחים בקופ""ח מתוך סך כל המבוטחים מכבי",welfare,2022,221,226,97.78761061946902
"welfare__אחוז המבוטחים בקופ""ח מתוך סך כל המבוטחים מכבי",welfare,2023,222,226,98.23008849557522
"welfare__אחוז המבוטחים בקופ""ח מתוך סך כל המבוטחים מאוחדת",welfare,2019,224,226,99.11504424778761
"welfare__אחוז המבוטחים בקופ""ח מתוך סך כל המבוטחים מאוחדת",welfare,2020,224,224,100.0
"welfare__אחוז המבוטחים בקופ""ח מתוך סך כל המבוטחים מאוחדת",welfare,2021,221,224,98.66071428571429
"welfare__אחוז המבוטחים בקופ""ח מתוך סך כל המבוטחים מאוחדת",welfare,2022,221,226,97.78761061946902
"welfare__אחוז המבוטחים בקופ""ח מתוך סך כל המבוטחים מאוחדת",welfare,2023,222,226,98.23008849557522
"welfare__אחוז המבוטחים בקופ""ח מתוך סך כל המבוטחים לאומית",welfare,2019,224,226,99.11504424778761
"welfare__אחוז המבוטחים בקופ""ח מתוך סך כל המבוטחים לאומית",welfare,2020,224,224,100.0
"welfare__אחוז המבוטחים בקופ""ח מתוך סך כל המבוטחים לאומית",welfare,2021,221,224,98.66071428571429
"welfare__אחוז המבוטחים בקופ""ח מתוך סך כל המבוטחים לאומית",welfare,2022,221,226,97.78761061946902
"welfare__אחוז המבוטחים בקופ""ח מתוך סך כל המבוטחים לאומית",welfare,2023,222,226,98.23008849557522
"welfare__מספר משפחות של מקבלי קצבאות  בגין ילדים (סוף שנה) סה""כ",welfare,2019,224,226,99.11504424778761
"welfare__מספר משפחות של מקבלי קצבאות  בגין ילדים (סוף שנה) סה""כ",welfare,2020,224,224,100.0
"welfare__מספר משפחות של מקבלי קצבאות  בגין ילדים (סוף שנה) סה""כ",welfare,2021,224,224,100.0
"welfare__מספר משפחות של מקבלי קצבאות  בגין ילדים (סוף שנה) סה""כ",welfare,2022,225,226,99.5575221238938
"welfare__מספר משפחות של מקבלי קצבאות  בגין ילדים (סוף שנה) סה""כ",welfare,2023,225,226,99.5575221238938
welfare__מספר משפחות של מקבלי קצבאות  בגין ילדים (סוף שנה) עם 2-1 ילדים במשפחה,welfare,2019,224,226,99.11504424778761
welfare__מספר משפחות של מקבלי קצבאות  בגין ילדים (סוף שנה) עם 2-1 ילדים במשפחה,welfare,2020,224,224,100.0
welfare__מספר משפחות של מקבלי קצבאות  בגין ילדים (סוף שנה) עם 2-1 ילדים במשפחה,welfare,2021,224,224,100.0
welfare__מספר משפחות של מקבלי קצבאות  בגין ילדים (סוף שנה) עם 2-1 ילדים במשפחה,welfare,2022,225,226,99.5575221238938
welfare__מספר משפחות של מקבלי קצבאות  בגין ילדים (סוף שנה) עם 2-1 ילדים במשפחה,welfare,2023,225,226,99.5575221238938
welfare__מספר משפחות של מקבלי קצבאות  בגין ילדים (סוף שנה) עם 4-3 ילדים במשפחה,welfare,2019,224,226,99.11504424778761
welfare__מספר משפחות של מקבלי קצבאות  בגין ילדים (סוף שנה) עם 4-3 ילדים במשפחה,welfare,2020,224,224,100.0
welfare__מספר משפחות של מקבלי קצבאות  בגין ילדים (סוף שנה) עם 4-3 ילדים במשפחה,welfare,2021,224,224,100.0
welfare__מספר משפחות של מקבלי קצבאות  בגין ילדים (סוף שנה) עם 4-3 ילדים במשפחה,welfare,2022,225,226,99.5575221238938
welfare__מספר משפחות של מקבלי קצבאות  בגין ילדים (סוף שנה) עם 4-3 ילדים במשפחה,welfare,2023,225,226,99.5575221238938
welfare__מספר משפחות של מקבלי קצבאות  בגין ילדים (סוף שנה) עם 5 ילדים ויותר במשפחה,welfare,2019,212,226,93.80530973451327
welfare__מספר משפחות של מקבלי קצבאות  בגין ילדים (סוף שנה) עם 5 ילדים ויותר במשפחה,welfare,2020,211,224,94.19642857142857
welfare__מספר משפחות של מקבלי קצבאות  בגין ילדים (סוף שנה) עם 5 ילדים ויותר במשפחה,welfare,2021,210,224,93.75
welfare__מספר משפחות של מקבלי קצבאות  בגין ילדים (סוף שנה) עם 5 ילדים ויותר במשפחה,welfare,2022,215,226,95.13274336283186
welfare__מספר משפחות של מקבלי קצבאות  בגין ילדים (סוף שנה) עם 5 ילדים ויותר במשפחה,welfare,2023,209,226,92.47787610619469
"welfare__מספר ילדים שבגינם שולמו קצבאות סה""כ",welfare,2019,224,226,99.11504424778761
"welfare__מספר ילדים שבגינם שולמו קצבאות סה""כ",welfare,2020,224,224,100.0
"welfare__מספר ילדים שבגינם שולמו קצבאות סה""כ",welfare,2021,224,224,100.0
"welfare__מספר ילדים שבגינם שולמו קצבאות סה""כ",welfare,2022,225,226,99.5575221238938
"welfare__מספר ילדים שבגינם שולמו קצבאות סה""כ",welfare,2023,225,226,99.5575221238938
welfare__מספר ילדים שבגינם שולמו קצבאות במשפחות עם 2-1 ילדים,welfare,2019,224,226,99.11504424778761
welfare__מספר ילדים שבגינם שולמו קצבאות במשפחות עם 2-1 ילדים,welfare,2020,224,224,100.0
welfare__מספר ילדים שבגינם שולמו קצבאות במשפחות עם 2-1 ילדים,welfare,2021,224,224,100.0
welfare__מספר ילדים שבגינם שולמו קצבאות במשפחות עם 2-1 ילדים,welfare,2022,225,226,99.5575221238938
welfare__מספר ילדים שבגינם שולמו קצבאות במשפחות עם 2-1 ילדים,welfare,2023,225,226,99.5575221238938
welfare__מספר ילדים שבגינם שולמו קצבאות במשפחות עם 4-3 ילדים,welfare,2019,224,226,99.11504424778761
welfare__מספר ילדים שבגינם שולמו קצבאות במשפחות עם 4-3 ילדים,welfare,2020,224,224,100.0
welfare__מספר ילדים שבגינם שולמו קצבאות במשפחות עם 4-3 ילדים,welfare,2021,224,224,100.0
welfare__מספר ילדים שבגינם שולמו קצבאות במשפחות עם 4-3 ילדים,welfare,2022,225,226,99.5575221238938
welfare__מספר ילדים שבגינם שולמו קצבאות במשפחות עם 4-3 ילדים,welfare,2023,225,226,99.5575221238938
welfare__מספר ילדים שבגינם שולמו קצבאות במשפחות עם 5 ילדים ויותר,welfare,2019,224,226,99.11504424778761
welfare__מספר ילדים שבגינם שולמו קצבאות במשפחות עם 5 ילדים ויותר,welfare,2020,224,224,100.0
welfare__מספר ילדים שבגינם שולמו קצבאות במשפחות עם 5 ילדים ויותר,welfare,2021,223,224,99.55357142857143
welfare__מספר ילדים שבגינם שולמו קצבאות במשפחות עם 5 ילדים ויותר,welfare,2022,225,226,99.5575221238938
welfare__מספר ילדים שבגינם שולמו קצבאות במשפחות עם 5 ילדים ויותר,welfare,2023,223,226,98.67256637168141
welfare_engineered__children_in_families_with_5plus_children_per_1000,welfare_engineered,2019,191,226,84.51327433628319
welfare_engineered__children_in_families_with_5plus_children_per_1000,welfare_engineered,2020,201,224,89.73214285714286
welfare_engineered__children_in_families_with_5plus_children_per_1000,welfare_engineered,2021,200,224,89.28571428571429
welfare_engineered__children_in_families_with_5plus_children_per_1000,welfare_engineered,2022,202,226,89.38053097345133
welfare_engineered__children_in_families_with_5plus_children_per_1000,welfare_engineered,2023,190,226,84.070796460177
