feature,training_missing_pct,feature_role,source
"current_feature__welfare__אחוז המבוטחים בקופ""ח מתוך סך כל המבוטחים כללית",81.53338829348722,current_feature,welfare
"current_feature__welfare__אחוז המבוטחים בקופ""ח מתוך סך כל המבוטחים לאומית",81.53338829348722,current_feature,welfare
"current_feature__welfare__אחוז המבוטחים בקופ""ח מתוך סך כל המבוטחים מאוחדת",81.53338829348722,current_feature,welfare
"current_feature__welfare__אחוז המבוטחים בקופ""ח מתוך סך כל המבוטחים מכבי",81.53338829348722,current_feature,welfare
"current_feature__welfare__אחוז מקבלי דמי אבטלה מבני 67-20
(שנתי",81.53338829348722,current_feature,welfare
current_feature__welfare__אחוז מקבלי השלמת הכנסה מבין מקבלי קצבאות זקנה ושאירים (סוף שנה,81.53338829348722,current_feature,welfare
"current_feature__welfare__גיל ממוצע של מקבלי דמי אבטלה
(לא כולל חיילים",81.53338829348722,current_feature,welfare
"current_feature__welfare__דמי אבטלה ממוצעים ליום
(ש""ח",81.53338829348722,current_feature,welfare
"current_feature__welfare__ימי זכאות לדמי אבטלה
(ממוצע שנתי",81.53338829348722,current_feature,welfare
current_feature__welfare__מספר ילדים שבגינם שולמו קצבאות במשפחות עם 2-1 ילדים,81.53338829348722,current_feature,welfare
current_feature__welfare__מספר ילדים שבגינם שולמו קצבאות במשפחות עם 4-3 ילדים,81.53338829348722,current_feature,welfare
current_feature__welfare__מספר ילדים שבגינם שולמו קצבאות במשפחות עם 5 ילדים ויותר,81.53338829348722,current_feature,welfare
"current_feature__welfare__מספר ילדים שבגינם שולמו קצבאות סה""כ",81.53338829348722,current_feature,welfare
"current_feature__welfare__מספר מקבלי דמי אבטלה 
(סה""כ שנתי",81.53338829348722,current_feature,welfare
"current_feature__welfare__מספר משפחות של מקבלי קצבאות  בגין ילדים (סוף שנה) סה""כ",81.53338829348722,current_feature,welfare
current_feature__welfare__מספר משפחות של מקבלי קצבאות  בגין ילדים (סוף שנה) עם 2-1 ילדים במשפחה,81.53338829348722,current_feature,welfare
current_feature__welfare__מספר משפחות של מקבלי קצבאות  בגין ילדים (סוף שנה) עם 4-3 ילדים במשפחה,81.53338829348722,current_feature,welfare
current_feature__welfare__מקבלי גמלאות ניידות (סוף שנה,81.53338829348722,current_feature,welfare
current_feature__welfare__מקבלי גמלאות נכות כללית (סוף שנה,81.53338829348722,current_feature,welfare
"current_feature__welfare__מקבלי קצבאות זקנה ושאירים סה""כ (סוף שנה",81.53338829348722,current_feature,welfare
"current_feature__welfare__ניצול ימי אבטלה בשנה 
(חציון שנתי",81.53338829348722,current_feature,welfare
"current_feature__welfare__ניצול ימי אבטלה בשנה 
(ממוצע שנתי",81.53338829348722,current_feature,welfare
"delta_feature__welfare__אחוז המבוטחים בקופ""ח מתוך סך כל המבוטחים כללית",81.53338829348722,delta_feature,welfare
"delta_feature__welfare__אחוז המבוטחים בקופ""ח מתוך סך כל המבוטחים לאומית",81.53338829348722,delta_feature,welfare
"delta_feature__welfare__אחוז המבוטחים בקופ""ח מתוך סך כל המבוטחים מאוחדת",81.53338829348722,delta_feature,welfare
"delta_feature__welfare__אחוז המבוטחים בקופ""ח מתוך סך כל המבוטחים מכבי",81.53338829348722,delta_feature,welfare
"delta_feature__welfare__אחוז מקבלי דמי אבטלה מבני 67-20
(שנתי",81.53338829348722,delta_feature,welfare
delta_feature__welfare__אחוז מקבלי השלמת הכנסה מבין מקבלי קצבאות זקנה ושאירים (סוף שנה,81.53338829348722,delta_feature,welfare
"delta_feature__welfare__גיל ממוצע של מקבלי דמי אבטלה
(לא כולל חיילים",81.53338829348722,delta_feature,welfare
"delta_feature__welfare__דמי אבטלה ממוצעים ליום
(ש""ח",81.53338829348722,delta_feature,welfare
"delta_feature__welfare__ימי זכאות לדמי אבטלה
(ממוצע שנתי",81.53338829348722,delta_feature,welfare
delta_feature__welfare__מספר ילדים שבגינם שולמו קצבאות במשפחות עם 2-1 ילדים,81.53338829348722,delta_feature,welfare
delta_feature__welfare__מספר ילדים שבגינם שולמו קצבאות במשפחות עם 4-3 ילדים,81.53338829348722,delta_feature,welfare
delta_feature__welfare__מספר ילדים שבגינם שולמו קצבאות במשפחות עם 5 ילדים ויותר,81.53338829348722,delta_feature,welfare
"delta_feature__welfare__מספר ילדים שבגינם שולמו קצבאות סה""כ",81.53338829348722,delta_feature,welfare
"delta_feature__welfare__מספר מקבלי דמי אבטלה 
(סה""כ שנתי",81.53338829348722,delta_feature,welfare
"delta_feature__welfare__מספר משפחות של מקבלי קצבאות  בגין ילדים (סוף שנה) סה""כ",81.53338829348722,delta_feature,welfare
delta_feature__welfare__מספר משפחות של מקבלי קצבאות  בגין ילדים (סוף שנה) עם 2-1 ילדים במשפחה,81.53338829348722,delta_feature,welfare
delta_feature__welfare__מספר משפחות של מקבלי קצבאות  בגין ילדים (סוף שנה) עם 4-3 ילדים במשפחה,81.53338829348722,delta_feature,welfare
delta_feature__welfare__מקבלי גמלאות ניידות (סוף שנה,81.53338829348722,delta_feature,welfare
delta_feature__welfare__מקבלי גמלאות נכות כללית (סוף שנה,81.53338829348722,delta_feature,welfare
"delta_feature__welfare__מקבלי קצבאות זקנה ושאירים סה""כ (סוף שנה",81.53338829348722,delta_feature,welfare
"delta_feature__welfare__ניצול ימי אבטלה בשנה 
(חציון שנתי",81.53338829348722,delta_feature,welfare
"delta_feature__welfare__ניצול ימי אבטלה בשנה 
(ממוצע שנתי",81.53338829348722,delta_feature,welfare
previous_feature__income__אחוז העצמאים המשתכרים עד מחצית השכר הממוצע,81.53338829348722,previous_feature,income
previous_feature__income__אחוז השכירים המשתכרים עד שכר מינימום,81.53338829348722,previous_feature,income
previous_feature__income__אחוז שינוי ריאלי לעומת השנה הקודמת של שכר ממוצע לחודש של שכירים גברים,81.53338829348722,previous_feature,income
previous_feature__income__אחוז שינוי ריאלי לעומת השנה הקודמת של שכר ממוצע לחודש של שכירים כלל השכירים,81.53338829348722,previous_feature,income
previous_feature__income__אחוז שינוי ריאלי לעומת השנה הקודמת של שכר ממוצע לחודש של שכירים נשים,81.53338829348722,previous_feature,income
previous_feature__income__אחוז שינוי ריאלי של הכנסה ממוצעת לחודש של העצמאים לעומת השנה הקודמת,81.53338829348722,previous_feature,income
"previous_feature__income__הכנסה ממוצעת לחודש של העצמאים (ש""ח",81.53338829348722,previous_feature,income
"previous_feature__income__מדד אי-השוויון שכירים (מדד ג'יני, 0 שוויון מלא",81.53338829348722,previous_feature,income
previous_feature__income__מספר העצמאים,81.53338829348722,previous_feature,income
previous_feature__income__מספר השכירים,81.53338829348722,previous_feature,income
"previous_feature__income__שכר ממוצע לחודש של שכירים (ש""ח) גברים",81.53338829348722,previous_feature,income
"previous_feature__income__שכר ממוצע לחודש של שכירים (ש""ח) כלל השכירים",81.53338829348722,previous_feature,income
"previous_feature__income__שכר ממוצע לחודש של שכירים (ש""ח) נשים",81.53338829348722,previous_feature,income
previous_feature__income_standard__avg_monthly_wage_men,81.53338829348722,previous_feature,
previous_feature__income_standard__avg_monthly_wage_total,81.53338829348722,previous_feature,
previous_feature__income_standard__avg_monthly_wage_women,81.53338829348722,previous_feature,
previous_feature__income_standard__gender_wage_ratio,81.53338829348722,previous_feature,
previous_feature__income_standard__gini_wage,81.53338829348722,previous_feature,
previous_feature__income_standard__gini_wage_2019_static,81.53338829348722,previous_feature,
previous_feature__income_standard__income_earner_count,81.53338829348722,previous_feature,
previous_feature__income_standard__pct_below_minimum_wage,81.53338829348722,previous_feature,
previous_feature__income_standard__pct_below_minimum_wage_direct,81.53338829348722,previous_feature,
"previous_feature__welfare__אחוז המבוטחים בקופ""ח מתוך סך כל המבוטחים כללית",81.53338829348722,previous_feature,welfare
"previous_feature__welfare__אחוז המבוטחים בקופ""ח מתוך סך כל המבוטחים לאומית",81.53338829348722,previous_feature,welfare
"previous_feature__welfare__אחוז המבוטחים בקופ""ח מתוך סך כל המבוטחים מאוחדת",81.53338829348722,previous_feature,welfare
"previous_feature__welfare__אחוז המבוטחים בקופ""ח מתוך סך כל המבוטחים מכבי",81.53338829348722,previous_feature,welfare
"previous_feature__welfare__אחוז מקבלי דמי אבטלה מבני 67-20
(שנתי",81.53338829348722,previous_feature,welfare
previous_feature__welfare__אחוז מקבלי השלמת הכנסה מבין מקבלי קצבאות זקנה ושאירים (סוף שנה,81.53338829348722,previous_feature,welfare
"previous_feature__welfare__גיל ממוצע של מקבלי דמי אבטלה
(לא כולל חיילים",81.53338829348722,previous_feature,welfare
"previous_feature__welfare__דמי אבטלה ממוצעים ליום
(ש""ח",81.53338829348722,previous_feature,welfare
"previous_feature__welfare__ימי זכאות לדמי אבטלה
(ממוצע שנתי",81.53338829348722,previous_feature,welfare
previous_feature__welfare__מספר ילדים שבגינם שולמו קצבאות במשפחות עם 2-1 ילדים,81.53338829348722,previous_feature,welfare
previous_feature__welfare__מספר ילדים שבגינם שולמו קצבאות במשפחות עם 4-3 ילדים,81.53338829348722,previous_feature,welfare
previous_feature__welfare__מספר ילדים שבגינם שולמו קצבאות במשפחות עם 5 ילדים ויותר,81.53338829348722,previous_feature,welfare
"previous_feature__welfare__מספר ילדים שבגינם שולמו קצבאות סה""כ",81.53338829348722,previous_feature,welfare
"previous_feature__welfare__מספר מקבלי דמי אבטלה 
(סה""כ שנתי",81.53338829348722,previous_feature,welfare
"previous_feature__welfare__מספר משפחות של מקבלי קצבאות  בגין ילדים (סוף שנה) סה""כ",81.53338829348722,previous_feature,welfare
previous_feature__welfare__מספר משפחות של מקבלי קצבאות  בגין ילדים (סוף שנה) עם 2-1 ילדים במשפחה,81.53338829348722,previous_feature,welfare
previous_feature__welfare__מספר משפחות של מקבלי קצבאות  בגין ילדים (סוף שנה) עם 4-3 ילדים במשפחה,81.53338829348722,previous_feature,welfare
previous_feature__welfare__מקבלי גמלאות ניידות (סוף שנה,81.53338829348722,previous_feature,welfare
previous_feature__welfare__מקבלי גמלאות נכות כללית (סוף שנה,81.53338829348722,previous_feature,welfare
"previous_feature__welfare__מקבלי קצבאות זקנה ושאירים סה""כ (סוף שנה",81.53338829348722,previous_feature,welfare
"previous_feature__welfare__ניצול ימי אבטלה בשנה 
(חציון שנתי",81.53338829348722,previous_feature,welfare
"previous_feature__welfare__ניצול ימי אבטלה בשנה 
(ממוצע שנתי",81.53338829348722,previous_feature,welfare
"current_feature__welfare__אחוז מקבלי דמי אבטלה מבני 67-20
(ממוצע חודשי",81.57460840890354,current_feature,welfare
"current_feature__welfare__מקבלי דמי אבטלה 
(ממוצע חודשי) סה""כ",81.57460840890354,current_feature,welfare
current_feature__welfare__מקבלי גמלאות נכות מעבודה ותלויים (סוף שנה,81.61582852431987,current_feature,welfare
current_feature__welfare__מקבלי גמלאות סיעוד (סוף שנה,81.61582852431987,current_feature,welfare
"delta_feature__welfare__אחוז מקבלי דמי אבטלה מבני 67-20
(ממוצע חודשי",81.61582852431987,delta_feature,welfare
delta_feature__welfare__מקבלי גמלאות נכות מעבודה ותלויים (סוף שנה,81.61582852431987,delta_feature,welfare
delta_feature__welfare__מקבלי גמלאות סיעוד (סוף שנה,81.61582852431987,delta_feature,welfare
"delta_feature__welfare__מקבלי דמי אבטלה 
(ממוצע חודשי) סה""כ",81.61582852431987,delta_feature,welfare
"previous_feature__welfare__אחוז מקבלי דמי אבטלה מבני 67-20
(ממוצע חודשי",81.61582852431987,previous_feature,welfare
previous_feature__welfare__מקבלי גמלאות נכות מעבודה ותלויים (סוף שנה,81.61582852431987,previous_feature,welfare
previous_feature__welfare__מקבלי גמלאות סיעוד (סוף שנה,81.61582852431987,previous_feature,welfare
"previous_feature__welfare__מקבלי דמי אבטלה 
(ממוצע חודשי) סה""כ",81.61582852431987,previous_feature,welfare
"current_feature__welfare__מקבלי דמי אבטלה 
(ממוצע חודשי) גברים",81.78070898598516,current_feature,welfare
"delta_feature__welfare__מקבלי דמי אבטלה 
(ממוצע חודשי) גברים",82.0280296784831,delta_feature,welfare
"previous_feature__welfare__מקבלי דמי אבטלה 
(ממוצע חודשי) גברים",82.0280296784831,previous_feature,welfare
"current_feature__welfare__מקבלי גמלת הבטחת הכנסה (נפשות, במשך השנה",82.15169002473208,current_feature,welfare
"delta_feature__welfare__מקבלי גמלת הבטחת הכנסה (נפשות, במשך השנה",82.52267106347898,delta_feature,welfare
previous_feature__welfare__מספר משפחות של מקבלי קצבאות  בגין ילדים (סוף שנה) עם 5 ילדים ויותר במשפחה,82.52267106347898,previous_feature,welfare
"previous_feature__welfare__מקבלי גמלת הבטחת הכנסה (נפשות, במשך השנה",82.52267106347898,previous_feature,welfare
current_feature__welfare__מספר משפחות של מקבלי קצבאות  בגין ילדים (סוף שנה) עם 5 ילדים ויותר במשפחה,82.5638911788953,current_feature,welfare
delta_feature__welfare__מספר משפחות של מקבלי קצבאות  בגין ילדים (סוף שנה) עם 5 ילדים ויותר במשפחה,82.5638911788953,delta_feature,welfare
"current_feature__income__שכר ממוצע לחודש של שכירים (ש""ח) גברים",82.64633140972795,current_feature,income
"current_feature__income__שכר ממוצע לחודש של שכירים (ש""ח) כלל השכירים",82.64633140972795,current_feature,income
"current_feature__income__שכר ממוצע לחודש של שכירים (ש""ח) נשים",82.64633140972795,current_feature,income
current_feature__income_standard__avg_monthly_wage_men,82.64633140972795,current_feature,
current_feature__income_standard__avg_monthly_wage_total,82.64633140972795,current_feature,
current_feature__income_standard__avg_monthly_wage_women,82.64633140972795,current_feature,
current_feature__income_standard__gender_wage_ratio,82.64633140972795,current_feature,
current_feature__income_standard__gini_wage_2019_static,82.64633140972795,current_feature,
"delta_feature__income__שכר ממוצע לחודש של שכירים (ש""ח) גברים",82.64633140972795,delta_feature,income
"delta_feature__income__שכר ממוצע לחודש של שכירים (ש""ח) כלל השכירים",82.64633140972795,delta_feature,income
"delta_feature__income__שכר ממוצע לחודש של שכירים (ש""ח) נשים",82.64633140972795,delta_feature,income
delta_feature__income_standard__avg_monthly_wage_men,82.64633140972795,delta_feature,
delta_feature__income_standard__avg_monthly_wage_total,82.64633140972795,delta_feature,
delta_feature__income_standard__avg_monthly_wage_women,82.64633140972795,delta_feature,
delta_feature__income_standard__gender_wage_ratio,82.64633140972795,delta_feature,
delta_feature__income_standard__gini_wage_2019_static,82.64633140972795,delta_feature,
current_feature__education__השכלה גבוהה אחוז בעלי תארים מישראל מתוך אוכלוסיית בני 55-35,83.42951360263808,current_feature,education
current_feature__education__השכלה גבוהה אחוז סטודנטים מתוך אוכלוסיית בני 25-20,83.42951360263808,current_feature,education
current_feature__education__השכלה גבוהה אחוז סטודנטים מתוך כלל האוכלוסייה,83.42951360263808,current_feature,education
current_feature__education__ילדים בגנים של משרד החינוך גיל 3,83.42951360263808,current_feature,education
current_feature__education__ילדים בגנים של משרד החינוך גיל 4,83.42951360263808,current_feature,education
current_feature__education__ילדים בגנים של משרד החינוך גיל 5,83.42951360263808,current_feature,education
"current_feature__education__ילדים בגנים של משרד החינוך סה""כ",83.42951360263808,current_feature,education
current_feature__education__ממוצע תלמידים לכיתה בבתי ספר יסודיים,83.42951360263808,current_feature,education
delta_feature__education__השכלה גבוהה אחוז בעלי תארים מישראל מתוך אוכלוסיית בני 55-35,83.42951360263808,delta_feature,education
delta_feature__education__השכלה גבוהה אחוז סטודנטים מתוך אוכלוסיית בני 25-20,83.42951360263808,delta_feature,education
delta_feature__education__השכלה גבוהה אחוז סטודנטים מתוך כלל האוכלוסייה,83.42951360263808,delta_feature,education
delta_feature__education__ילדים בגנים של משרד החינוך גיל 3,83.42951360263808,delta_feature,education
delta_feature__education__ילדים בגנים של משרד החינוך גיל 4,83.42951360263808,delta_feature,education
delta_feature__education__ילדים בגנים של משרד החינוך גיל 5,83.42951360263808,delta_feature,education
"delta_feature__education__ילדים בגנים של משרד החינוך סה""כ",83.42951360263808,delta_feature,education
delta_feature__education__ממוצע תלמידים לכיתה בבתי ספר יסודיים,83.42951360263808,delta_feature,education
previous_feature__education__השכלה גבוהה אחוז בעלי תארים מישראל מתוך אוכלוסיית בני 55-35,83.42951360263808,previous_feature,education
previous_feature__education__השכלה גבוהה אחוז סטודנטים מתוך אוכלוסיית בני 25-20,83.42951360263808,previous_feature,education
previous_feature__education__השכלה גבוהה אחוז סטודנטים מתוך כלל האוכלוסייה,83.42951360263808,previous_feature,education
previous_feature__education__ילדים בגנים של משרד החינוך גיל 3,83.42951360263808,previous_feature,education
previous_feature__education__ילדים בגנים של משרד החינוך גיל 4,83.42951360263808,previous_feature,education
previous_feature__education__ילדים בגנים של משרד החינוך גיל 5,83.42951360263808,previous_feature,education
"previous_feature__education__ילדים בגנים של משרד החינוך סה""כ",83.42951360263808,previous_feature,education
previous_feature__education__ממוצע תלמידים לכיתה בבתי ספר יסודיים,83.42951360263808,previous_feature,education
"current_feature__education__בתי ספר סה""כ",83.51195383347073,current_feature,education
"delta_feature__education__בתי ספר סה""כ",83.51195383347073,delta_feature,education
"previous_feature__education__בתי ספר סה""כ",83.51195383347073,previous_feature,education
"previous_feature__education__כיתות סה""כ",83.51195383347073,previous_feature,education
"previous_feature__education__תלמידים סה""כ",83.51195383347073,previous_feature,education
"current_feature__education__כיתות סה""כ",83.55317394888706,current_feature,education
"current_feature__education__תלמידים סה""כ",83.55317394888706,current_feature,education
"delta_feature__education__כיתות סה""כ",83.55317394888706,delta_feature,education
"delta_feature__education__תלמידים סה""כ",83.55317394888706,delta_feature,education
current_feature__education__בתי ספר יסודיים,83.59439406430337,current_feature,education
current_feature__education__כיתות בבתי ספר יסודיים,83.59439406430337,current_feature,education
current_feature__education__תלמידים בבתי ספר יסודיים,83.59439406430337,current_feature,education
delta_feature__education__בתי ספר יסודיים,83.59439406430337,delta_feature,education
delta_feature__education__כיתות בבתי ספר יסודיים,83.59439406430337,delta_feature,education
delta_feature__education__תלמידים בבתי ספר יסודיים,83.59439406430337,delta_feature,education
previous_feature__education__בתי ספר יסודיים,83.59439406430337,previous_feature,education
previous_feature__education__כיתות בבתי ספר יסודיים,83.59439406430337,previous_feature,education
previous_feature__education__תלמידים בבתי ספר יסודיים,83.59439406430337,previous_feature,education
current_feature__demographic__אחוז באוכלוסייה בסוף השנה בני 14-10,83.80049464138499,current_feature,demographic
current_feature__demographic__אחוז באוכלוסייה בסוף השנה בני 17-0,83.80049464138499,current_feature,demographic
current_feature__demographic__אחוז באוכלוסייה בסוף השנה בני 19-15,83.80049464138499,current_feature,demographic
current_feature__demographic__אחוז באוכלוסייה בסוף השנה בני 29-20,83.80049464138499,current_feature,demographic
current_feature__demographic__אחוז באוכלוסייה בסוף השנה בני 4-0,83.80049464138499,current_feature,demographic
current_feature__demographic__אחוז באוכלוסייה בסוף השנה בני 44-30,83.80049464138499,current_feature,demographic
current_feature__demographic__אחוז באוכלוסייה בסוף השנה בני 59-45,83.80049464138499,current_feature,demographic
current_feature__demographic__אחוז באוכלוסייה בסוף השנה בני 64-60,83.80049464138499,current_feature,demographic
current_feature__demographic__אחוז באוכלוסייה בסוף השנה בני 65 ומעלה,83.80049464138499,current_feature,demographic
current_feature__demographic__אחוז באוכלוסייה בסוף השנה בני 75 ומעלה,83.80049464138499,current_feature,demographic
current_feature__demographic__אחוז באוכלוסייה בסוף השנה בני 9-5,83.80049464138499,current_feature,demographic
current_feature__demographic__אחוז גידול האוכלוסייה לעומת השנה הקודמת,83.80049464138499,current_feature,demographic
current_feature__demographic__אחוז עולי 1990+ מסך האוכלוסייה,83.80049464138499,current_feature,demographic
"current_feature__demographic__יוצאים ליישובים אחרים סה""כ",83.80049464138499,current_feature,demographic
"current_feature__demographic__יחס תלות (ל-1,000 תושבים בלתי תלויים",83.80049464138499,current_feature,demographic
current_feature__demographic__לידות חי,83.80049464138499,current_feature,demographic
"current_feature__demographic__סה""כ  אוכלוסייה בסוף השנה",83.80049464138499,current_feature,demographic
"current_feature__demographic__סה""כ גברים בסוף השנה",83.80049464138499,current_feature,demographic
"current_feature__demographic__סה""כ נשים בסוף השנה",83.80049464138499,current_feature,demographic
current_feature__demographic__פטירות,83.80049464138499,current_feature,demographic
"current_feature__demographic__ריבוי טבעי
סה""כ",83.80049464138499,current_feature,demographic
"current_feature__demographic__ריבוי טבעי  ל-1,000 תושבים",83.80049464138499,current_feature,demographic
"current_feature__demographic__נישאים סה""כ גברים ונשים",83.84171475680132,current_feature,demographic
"current_feature__demographic__נישאים שיעור ל-1,000 תושבים לא נשואים בני 15 ומעלה",83.84171475680132,current_feature,demographic
current_feature__welfare_engineered__children_in_families_with_5plus_children_per_1000,83.84171475680132,current_feature,
previous_feature__education__אחוז זכאים לתעודת בגרות מבין תלמידי כיתות יב,83.84171475680132,previous_feature,education
previous_feature__education__אחוז זכאים לתעודת בגרות שעמדו בדרישות הסף של האוניברסיטאות מבין תלמידי כיתות יב,83.84171475680132,previous_feature,education
"current_feature__demographic__מאזן הגירה ביישוב
סה""כ",83.88293487221765,current_feature,demographic
current_feature__education__אחוז זכאים לתעודת בגרות מבין תלמידי כיתות יב,83.88293487221765,current_feature,education
current_feature__education__אחוז זכאים לתעודת בגרות שעמדו בדרישות הסף של האוניברסיטאות מבין תלמידי כיתות יב,83.88293487221765,current_feature,education
delta_feature__education__אחוז זכאים לתעודת בגרות מבין תלמידי כיתות יב,83.88293487221765,delta_feature,education
delta_feature__education__אחוז זכאים לתעודת בגרות שעמדו בדרישות הסף של האוניברסיטאות מבין תלמידי כיתות יב,83.88293487221765,delta_feature,education
current_feature__demographic__יוצאים ליישובים אחרים גיל 29-15,83.92415498763397,current_feature,demographic
current_feature__demographic__יוצאים ליישובים אחרים נשים,83.92415498763397,current_feature,demographic
"current_feature__demographic__מתגרשים סה""כ גברים ונשים",83.92415498763397,current_feature,demographic
current_feature__demographic__נכנסים מיישובים אחרים נשים,84.0065952184666,current_feature,demographic
"current_feature__demographic__נכנסים מיישובים אחרים סה""כ",84.0065952184666,current_feature,demographic
current_feature__demographic__יוצאים ליישובים אחרים גברים,84.04781533388294,current_feature,demographic
current_feature__demographic__יוצאים ליישובים אחרים גיל 64-30,84.08903544929926,current_feature,demographic
current_feature__demographic__מאזן הגירה פנימית,84.08903544929926,current_feature,demographic
current_feature__demographic__נכנסים מיישובים אחרים גברים,84.08903544929926,current_feature,demographic
current_feature__demographic__נכנסים מיישובים אחרים גיל 64-30,84.08903544929926,current_feature,demographic
"current_feature__demographic__מתגרשים שיעור ל-1,000 תושבים נשואים בני 15 ומעלה",84.13025556471558,current_feature,demographic
current_feature__demographic__נכנסים מיישובים אחרים גיל 29-15,84.13025556471558,current_feature,demographic
current_feature__demographic__נכנסים מיישובים אחרים עד גיל 14,84.1714756801319,current_feature,demographic
previous_feature__demographic__אחוז באוכלוסייה בסוף השנה בני 14-10,84.1714756801319,previous_feature,demographic
previous_feature__demographic__אחוז באוכלוסייה בסוף השנה בני 17-0,84.1714756801319,previous_feature,demographic
previous_feature__demographic__אחוז באוכלוסייה בסוף השנה בני 19-15,84.1714756801319,previous_feature,demographic
previous_feature__demographic__אחוז באוכלוסייה בסוף השנה בני 29-20,84.1714756801319,previous_feature,demographic
previous_feature__demographic__אחוז באוכלוסייה בסוף השנה בני 4-0,84.1714756801319,previous_feature,demographic
previous_feature__demographic__אחוז באוכלוסייה בסוף השנה בני 44-30,84.1714756801319,previous_feature,demographic
previous_feature__demographic__אחוז באוכלוסייה בסוף השנה בני 59-45,84.1714756801319,previous_feature,demographic
previous_feature__demographic__אחוז באוכלוסייה בסוף השנה בני 64-60,84.1714756801319,previous_feature,demographic
previous_feature__demographic__אחוז באוכלוסייה בסוף השנה בני 65 ומעלה,84.1714756801319,previous_feature,demographic
previous_feature__demographic__אחוז באוכלוסייה בסוף השנה בני 75 ומעלה,84.1714756801319,previous_feature,demographic
previous_feature__demographic__אחוז באוכלוסייה בסוף השנה בני 9-5,84.1714756801319,previous_feature,demographic
previous_feature__demographic__אחוז גידול האוכלוסייה לעומת השנה הקודמת,84.1714756801319,previous_feature,demographic
previous_feature__demographic__אחוז עולי 1990+ מסך האוכלוסייה,84.1714756801319,previous_feature,demographic
"previous_feature__demographic__יוצאים ליישובים אחרים סה""כ",84.1714756801319,previous_feature,demographic
"previous_feature__demographic__יחס תלות (ל-1,000 תושבים בלתי תלויים",84.1714756801319,previous_feature,demographic
previous_feature__demographic__לידות חי,84.1714756801319,previous_feature,demographic
"previous_feature__demographic__מאזן הגירה ביישוב
סה""כ",84.1714756801319,previous_feature,demographic
"previous_feature__demographic__סה""כ  אוכלוסייה בסוף השנה",84.1714756801319,previous_feature,demographic
"previous_feature__demographic__סה""כ גברים בסוף השנה",84.1714756801319,previous_feature,demographic
"previous_feature__demographic__סה""כ נשים בסוף השנה",84.1714756801319,previous_feature,demographic
previous_feature__demographic__סך כל הישראלים,84.1714756801319,previous_feature,demographic
previous_feature__demographic__פטירות,84.1714756801319,previous_feature,demographic
"previous_feature__demographic__ריבוי טבעי
סה""כ",84.1714756801319,previous_feature,demographic
"previous_feature__demographic__ריבוי טבעי  ל-1,000 תושבים",84.1714756801319,previous_feature,demographic
current_feature__demographic__יוצאים ליישובים אחרים עד גיל 14,84.25391591096455,current_feature,demographic
delta_feature__demographic__אחוז באוכלוסייה בסוף השנה בני 14-10,84.25391591096455,delta_feature,demographic
delta_feature__demographic__אחוז באוכלוסייה בסוף השנה בני 17-0,84.25391591096455,delta_feature,demographic
delta_feature__demographic__אחוז באוכלוסייה בסוף השנה בני 19-15,84.25391591096455,delta_feature,demographic
delta_feature__demographic__אחוז באוכלוסייה בסוף השנה בני 29-20,84.25391591096455,delta_feature,demographic
delta_feature__demographic__אחוז באוכלוסייה בסוף השנה בני 4-0,84.25391591096455,delta_feature,demographic
delta_feature__demographic__אחוז באוכלוסייה בסוף השנה בני 44-30,84.25391591096455,delta_feature,demographic
delta_feature__demographic__אחוז באוכלוסייה בסוף השנה בני 59-45,84.25391591096455,delta_feature,demographic
delta_feature__demographic__אחוז באוכלוסייה בסוף השנה בני 64-60,84.25391591096455,delta_feature,demographic
delta_feature__demographic__אחוז באוכלוסייה בסוף השנה בני 65 ומעלה,84.25391591096455,delta_feature,demographic
delta_feature__demographic__אחוז באוכלוסייה בסוף השנה בני 75 ומעלה,84.25391591096455,delta_feature,demographic
delta_feature__demographic__אחוז באוכלוסייה בסוף השנה בני 9-5,84.25391591096455,delta_feature,demographic
delta_feature__demographic__אחוז גידול האוכלוסייה לעומת השנה הקודמת,84.25391591096455,delta_feature,demographic
delta_feature__demographic__אחוז עולי 1990+ מסך האוכלוסייה,84.25391591096455,delta_feature,demographic
"delta_feature__demographic__יוצאים ליישובים אחרים סה""כ",84.25391591096455,delta_feature,demographic
"delta_feature__demographic__יחס תלות (ל-1,000 תושבים בלתי תלויים",84.25391591096455,delta_feature,demographic
delta_feature__demographic__לידות חי,84.25391591096455,delta_feature,demographic
"delta_feature__demographic__סה""כ  אוכלוסייה בסוף השנה",84.25391591096455,delta_feature,demographic
"delta_feature__demographic__סה""כ גברים בסוף השנה",84.25391591096455,delta_feature,demographic
"delta_feature__demographic__סה""כ נשים בסוף השנה",84.25391591096455,delta_feature,demographic
delta_feature__demographic__פטירות,84.25391591096455,delta_feature,demographic
"delta_feature__demographic__ריבוי טבעי
סה""כ",84.25391591096455,delta_feature,demographic
"delta_feature__demographic__ריבוי טבעי  ל-1,000 תושבים",84.25391591096455,delta_feature,demographic
"previous_feature__demographic__נישאים סה""כ גברים ונשים",84.25391591096455,previous_feature,demographic
"previous_feature__demographic__נישאים שיעור ל-1,000 תושבים לא נשואים בני 15 ומעלה",84.25391591096455,previous_feature,demographic
previous_feature__welfare_engineered__children_in_families_with_5plus_children_per_1000,84.25391591096455,previous_feature,
"current_feature__demographic__שיעור פטירות מתוקנן ל-1,000 תושבים",84.29513602638087,current_feature,demographic
"delta_feature__demographic__נישאים סה""כ גברים ונשים",84.29513602638087,delta_feature,demographic
"delta_feature__demographic__נישאים שיעור ל-1,000 תושבים לא נשואים בני 15 ומעלה",84.29513602638087,delta_feature,demographic
delta_feature__welfare_engineered__children_in_families_with_5plus_children_per_1000,84.29513602638087,delta_feature,
"delta_feature__demographic__מאזן הגירה ביישוב
סה""כ",84.3363561417972,delta_feature,demographic
"previous_feature__demographic__מתגרשים סה""כ גברים ונשים",84.3363561417972,previous_feature,demographic
"delta_feature__demographic__מתגרשים סה""כ גברים ונשים",84.37757625721352,delta_feature,demographic
previous_feature__demographic__יוצאים ליישובים אחרים גיל 29-15,84.41879637262984,previous_feature,demographic
previous_feature__demographic__יוצאים ליישובים אחרים נשים,84.41879637262984,previous_feature,demographic
"previous_feature__demographic__מתגרשים שיעור ל-1,000 תושבים נשואים בני 15 ומעלה",84.41879637262984,previous_feature,demographic
delta_feature__demographic__יוצאים ליישובים אחרים גיל 29-15,84.50123660346249,delta_feature,demographic
delta_feature__demographic__יוצאים ליישובים אחרים נשים,84.50123660346249,delta_feature,demographic
"delta_feature__demographic__מתגרשים שיעור ל-1,000 תושבים נשואים בני 15 ומעלה",84.58367683429515,delta_feature,demographic
previous_feature__demographic__יוצאים ליישובים אחרים גברים,84.58367683429515,previous_feature,demographic
previous_feature__demographic__מאזן הגירה פנימית,84.58367683429515,previous_feature,demographic
previous_feature__demographic__נכנסים מיישובים אחרים נשים,84.58367683429515,previous_feature,demographic
"previous_feature__demographic__נכנסים מיישובים אחרים סה""כ",84.58367683429515,previous_feature,demographic
current_feature__education__בתי ספר על-יסודיים,84.62489694971146,current_feature,education
current_feature__education__ילדים בגנים של משרד החינוך גיל 6,84.62489694971146,current_feature,education
current_feature__education__כיתות בבתי ספר על-יסודיים,84.62489694971146,current_feature,education
current_feature__education__עובדי הוראה אחוז בעלי דרגת שכר תואר שני ומעלה,84.62489694971146,current_feature,education
current_feature__education__עובדי הוראה אחוז עובדי הוראה משתלמים מכלל עובדי הוראה,84.62489694971146,current_feature,education
current_feature__education__עובדי הוראה אחוז שעות היעדרות מסך שעות עבודה שנתיות,84.62489694971146,current_feature,education
current_feature__education__עובדי הוראה ממוצע שנות ותק מוכרות בהוראה,84.62489694971146,current_feature,education
current_feature__education__עובדי הוראה ממוצע שעות עבודה לשבוע,84.62489694971146,current_feature,education
current_feature__education__עובדי הוראה מספר עובדי הוראה,84.62489694971146,current_feature,education
current_feature__education__תלמידים בבתי ספר על-יסודיים,84.62489694971146,current_feature,education
current_feature__education__עובדי הוראה ממוצע שעות עבודה שבועיות לתלמיד,84.66611706512778,current_feature,education
current_feature__education__עובדי הוראה ממוצע תלמידים למורה,84.66611706512778,current_feature,education
delta_feature__demographic__יוצאים ליישובים אחרים גברים,84.66611706512778,delta_feature,demographic
delta_feature__demographic__נכנסים מיישובים אחרים נשים,84.66611706512778,delta_feature,demographic
"delta_feature__demographic__נכנסים מיישובים אחרים סה""כ",84.66611706512778,delta_feature,demographic
delta_feature__education__בתי ספר על-יסודיים,84.66611706512778,delta_feature,education
delta_feature__education__כיתות בבתי ספר על-יסודיים,84.66611706512778,delta_feature,education
delta_feature__education__תלמידים בבתי ספר על-יסודיים,84.66611706512778,delta_feature,education
previous_feature__demographic__יוצאים ליישובים אחרים גיל 64-30,84.66611706512778,previous_feature,demographic
previous_feature__education__בתי ספר על-יסודיים,84.66611706512778,previous_feature,education
previous_feature__education__ילדים בגנים של משרד החינוך גיל 6,84.66611706512778,previous_feature,education
previous_feature__education__כיתות בבתי ספר על-יסודיים,84.66611706512778,previous_feature,education
previous_feature__education__תלמידים בבתי ספר על-יסודיים,84.66611706512778,previous_feature,education
current_feature__education__עובדי הוראה אחוז עובדי הוראה חדשים,84.7073371805441,current_feature,education
delta_feature__demographic__מאזן הגירה פנימית,84.74855729596042,delta_feature,demographic
delta_feature__education__עובדי הוראה אחוז בעלי דרגת שכר תואר שני ומעלה,84.74855729596042,delta_feature,education
delta_feature__education__עובדי הוראה אחוז עובדי הוראה משתלמים מכלל עובדי הוראה,84.74855729596042,delta_feature,education
delta_feature__education__עובדי הוראה אחוז שעות היעדרות מסך שעות עבודה שנתיות,84.74855729596042,delta_feature,education
delta_feature__education__עובדי הוראה ממוצע שנות ותק מוכרות בהוראה,84.74855729596042,delta_feature,education
delta_feature__education__עובדי הוראה ממוצע שעות עבודה לשבוע,84.74855729596042,delta_feature,education
delta_feature__education__עובדי הוראה מספר עובדי הוראה,84.74855729596042,delta_feature,education
previous_feature__demographic__נכנסים מיישובים אחרים גברים,84.74855729596042,previous_feature,demographic
previous_feature__demographic__נכנסים מיישובים אחרים גיל 29-15,84.74855729596042,previous_feature,demographic
previous_feature__demographic__נכנסים מיישובים אחרים גיל 64-30,84.74855729596042,previous_feature,demographic
previous_feature__education__עובדי הוראה אחוז בעלי דרגת שכר תואר שני ומעלה,84.74855729596042,previous_feature,education
previous_feature__education__עובדי הוראה אחוז עובדי הוראה משתלמים מכלל עובדי הוראה,84.74855729596042,previous_feature,education
previous_feature__education__עובדי הוראה אחוז שעות היעדרות מסך שעות עבודה שנתיות,84.74855729596042,previous_feature,education
previous_feature__education__עובדי הוראה ממוצע שנות ותק מוכרות בהוראה,84.74855729596042,previous_feature,education
previous_feature__education__עובדי הוראה ממוצע שעות עבודה לשבוע,84.74855729596042,previous_feature,education
previous_feature__education__עובדי הוראה ממוצע שעות עבודה שבועיות לתלמיד,84.74855729596042,previous_feature,education
previous_feature__education__עובדי הוראה ממוצע תלמידים למורה,84.74855729596042,previous_feature,education
previous_feature__education__עובדי הוראה מספר עובדי הוראה,84.74855729596042,previous_feature,education
delta_feature__demographic__יוצאים ליישובים אחרים גיל 64-30,84.78977741137676,delta_feature,demographic
delta_feature__education__עובדי הוראה ממוצע שעות עבודה שבועיות לתלמיד,84.78977741137676,delta_feature,education
delta_feature__education__עובדי הוראה ממוצע תלמידים למורה,84.78977741137676,delta_feature,education
delta_feature__demographic__נכנסים מיישובים אחרים גברים,84.83099752679307,delta_feature,demographic
delta_feature__demographic__נכנסים מיישובים אחרים גיל 29-15,84.83099752679307,delta_feature,demographic
delta_feature__demographic__נכנסים מיישובים אחרים גיל 64-30,84.83099752679307,delta_feature,demographic
previous_feature__demographic__יוצאים ליישובים אחרים עד גיל 14,84.83099752679307,previous_feature,demographic
previous_feature__demographic__נכנסים מיישובים אחרים עד גיל 14,84.83099752679307,previous_feature,demographic
"previous_feature__education__אחוז תלמידים נושרים סה""כ",84.83099752679307,previous_feature,education
delta_feature__demographic__נכנסים מיישובים אחרים עד גיל 14,84.91343775762572,delta_feature,demographic
delta_feature__education__עובדי הוראה אחוז עובדי הוראה חדשים,84.91343775762572,delta_feature,education
previous_feature__education__עובדי הוראה אחוז עובדי הוראה חדשים,84.91343775762572,previous_feature,education
delta_feature__demographic__יוצאים ליישובים אחרים עד גיל 14,84.95465787304205,delta_feature,demographic
delta_feature__education__ילדים בגנים של משרד החינוך גיל 6,84.95465787304205,delta_feature,education
"previous_feature__demographic__שיעור פטירות מתוקנן ל-1,000 תושבים",85.16075845012367,previous_feature,demographic
"current_feature__education__אחוז תלמידים נושרים סה""כ",85.24319868095631,current_feature,education
"delta_feature__demographic__שיעור פטירות מתוקנן ל-1,000 תושבים",85.24319868095631,delta_feature,demographic
"previous_feature__demographic__יהודים 
(אחוזים מתוך יהודים ואחרים",85.32563891178894,previous_feature,demographic
current_feature__education__בתי ספר תיכוניים,85.36685902720528,current_feature,education
current_feature__education__כיתות בבתי ספר תיכוניים,85.36685902720528,current_feature,education
current_feature__education__תלמידים בבתי ספר תיכוניים,85.36685902720528,current_feature,education
delta_feature__education__בתי ספר תיכוניים,85.4080791426216,delta_feature,education
delta_feature__education__כיתות בבתי ספר תיכוניים,85.4080791426216,delta_feature,education
delta_feature__education__תלמידים בבתי ספר תיכוניים,85.4080791426216,delta_feature,education
previous_feature__demographic__מוסלמים (אחוזים מתוך האוכלוסייה הערבית,85.4080791426216,previous_feature,demographic
previous_feature__demographic__ערבים (אחוזים מתוך כלל אוכלוסיית הישראלים,85.4080791426216,previous_feature,demographic
previous_feature__education__בתי ספר תיכוניים,85.4080791426216,previous_feature,education
previous_feature__education__כיתות בבתי ספר תיכוניים,85.4080791426216,previous_feature,education
previous_feature__education__תלמידים בבתי ספר תיכוניים,85.4080791426216,previous_feature,education
current_feature__education__בתי ספר חטיבות ביניים,85.53173948887057,current_feature,education
current_feature__education__כיתות בחטיבות ביניים,85.53173948887057,current_feature,education
current_feature__education__תלמידים בחטיבות ביניים,85.53173948887057,current_feature,education
"delta_feature__education__אחוז תלמידים נושרים סה""כ",85.5729596042869,delta_feature,education
delta_feature__education__בתי ספר חטיבות ביניים,85.5729596042869,delta_feature,education
delta_feature__education__כיתות בחטיבות ביניים,85.5729596042869,delta_feature,education
delta_feature__education__תלמידים בחטיבות ביניים,85.5729596042869,delta_feature,education
previous_feature__education__בתי ספר חטיבות ביניים,85.5729596042869,previous_feature,education
previous_feature__education__כיתות בחטיבות ביניים,85.5729596042869,previous_feature,education
previous_feature__education__תלמידים בחטיבות ביניים,85.5729596042869,previous_feature,education
"previous_feature__demographic__צפיפות אוכלוסייה לקמ''ר ביישובים שמנו 5,000 תושבים ויותר",85.73784006595218,previous_feature,demographic
current_feature__demographic__הגירה בתוך הרשות המקומית,85.82028029678483,current_feature,demographic
previous_feature__demographic__יהודים ואחרים (אחוזים מתוך כלל אוכלוסיית הישראלים,86.06760098928277,previous_feature,demographic
"current_feature__demographic__צפיפות אוכלוסייה לקמ''ר ביישובים שמנו 5,000 תושבים ויותר",86.15004122011541,current_feature,demographic
current_feature__demographic__פטירות תינוקות (ממוצע,86.3149216817807,current_feature,demographic
"delta_feature__demographic__צפיפות אוכלוסייה לקמ''ר ביישובים שמנו 5,000 תושבים ויותר",86.3149216817807,delta_feature,demographic
previous_feature__demographic__פטירות תינוקות (ממוצע,86.56224237427865,previous_feature,demographic
current_feature__education__השכלה גבוהה אחוז הנכנסים להשכלה גבוהה בתוך 8 שנים בקרב תלמידי יב,86.80956306677659,current_feature,education
delta_feature__demographic__פטירות תינוקות (ממוצע,87.05688375927453,delta_feature,demographic
delta_feature__education__השכלה גבוהה אחוז הנכנסים להשכלה גבוהה בתוך 8 שנים בקרב תלמידי יב,87.13932399010717,delta_feature,education
previous_feature__education__השכלה גבוהה אחוז הנכנסים להשכלה גבוהה בתוך 8 שנים בקרב תלמידי יב,87.13932399010717,previous_feature,education
previous_feature__demographic__הגירה בתוך הרשות המקומית,87.46908491343775,previous_feature,demographic
current_feature__demographic__אחוז עולים בהשתקעות ראשונה בני 64-45,87.59274525968672,current_feature,demographic
current_feature__demographic__אחוז עולים בהשתקעות ראשונה בני 65 ומעלה,87.59274525968672,current_feature,demographic
current_feature__demographic__אחוז עולים בהשתקעות ראשונה בני 44-18,87.63396537510305,current_feature,demographic
delta_feature__demographic__הגירה בתוך הרשות המקומית,87.63396537510305,delta_feature,demographic
previous_feature__education__אחוז תלמידים נושרים בנות,87.63396537510305,previous_feature,education
previous_feature__education__אחוז תלמידים נושרים בנים,87.63396537510305,previous_feature,education
"current_feature__demographic__יהודים 
(אחוזים מתוך יהודים ואחרים",87.7164056059357,current_feature,demographic
current_feature__demographic__אחוז עולים בהשתקעות ראשונה בני 17-0,88.08738664468261,current_feature,demographic
current_feature__demographic__יהודים ואחרים (אחוזים מתוך כלל אוכלוסיית הישראלים,88.08738664468261,current_feature,demographic
"delta_feature__demographic__יהודים 
(אחוזים מתוך יהודים ואחרים",88.16982687551526,delta_feature,demographic
current_feature__demographic__השתקעות ראשונה של עולים,88.21104699093158,current_feature,demographic
current_feature__education__אחוז תלמידים נושרים בנים,88.25226710634789,current_feature,education
previous_feature__demographic__שיעור פריון כולל,88.37592745259687,previous_feature,demographic
delta_feature__demographic__יהודים ואחרים (אחוזים מתוך כלל אוכלוסיית הישראלים,88.54080791426216,delta_feature,demographic
current_feature__demographic__שיעור פריון כולל,88.66446826051113,current_feature,demographic
current_feature__education__אחוז תלמידים נושרים בנות,88.70568837592745,current_feature,education
delta_feature__demographic__שיעור פריון כולל,88.7881286067601,delta_feature,demographic
current_feature__demographic__יוצאים ליישובים אחרים גיל 65 ומעלה,88.82934872217643,current_feature,demographic
current_feature__demographic__נכנסים מיישובים אחרים גיל 65 ומעלה,88.91178895300907,current_feature,demographic
delta_feature__education__אחוז תלמידים נושרים בנים,89.03544929925803,delta_feature,education
current_feature__demographic__מוסלמים (אחוזים מתוך האוכלוסייה הערבית,89.1178895300907,current_feature,demographic
delta_feature__demographic__מוסלמים (אחוזים מתוך האוכלוסייה הערבית,89.24154987633966,delta_feature,demographic
delta_feature__education__אחוז תלמידים נושרים בנות,89.3239901071723,delta_feature,education
previous_feature__demographic__אחוז עולים בהשתקעות ראשונה בני 64-45,89.8598516075845,previous_feature,demographic
previous_feature__demographic__אחוז עולים בהשתקעות ראשונה בני 65 ומעלה,89.8598516075845,previous_feature,demographic
previous_feature__demographic__נוצרים (אחוזים מתוך האוכלוסייה הערבית,89.8598516075845,previous_feature,demographic
previous_feature__demographic__אחוז עולים בהשתקעות ראשונה בני 44-18,89.94229183841715,previous_feature,demographic
previous_feature__demographic__יוצאים ליישובים אחרים גיל 65 ומעלה,90.27205276174773,previous_feature,demographic
delta_feature__demographic__אחוז עולים בהשתקעות ראשונה בני 64-45,90.31327287716405,delta_feature,demographic
delta_feature__demographic__אחוז עולים בהשתקעות ראשונה בני 65 ומעלה,90.3957131079967,delta_feature,demographic
delta_feature__demographic__אחוז עולים בהשתקעות ראשונה בני 44-18,90.43693322341304,delta_feature,demographic
delta_feature__demographic__יוצאים ליישובים אחרים גיל 65 ומעלה,90.43693322341304,delta_feature,demographic
previous_feature__demographic__נכנסים מיישובים אחרים גיל 65 ומעלה,90.60181368507831,previous_feature,demographic
current_feature__income__אחוז העצמאים המשתכרים עד מחצית השכר הממוצע,90.7666941467436,current_feature,income
current_feature__income__אחוז השכירים המשתכרים עד שכר מינימום,90.7666941467436,current_feature,income
current_feature__income__אחוז שינוי ריאלי לעומת השנה הקודמת של שכר ממוצע לחודש של שכירים גברים,90.7666941467436,current_feature,income
current_feature__income__אחוז שינוי ריאלי לעומת השנה הקודמת של שכר ממוצע לחודש של שכירים כלל השכירים,90.7666941467436,current_feature,income
current_feature__income__אחוז שינוי ריאלי לעומת השנה הקודמת של שכר ממוצע לחודש של שכירים נשים,90.7666941467436,current_feature,income
current_feature__income__אחוז שינוי ריאלי של הכנסה ממוצעת לחודש של העצמאים לעומת השנה הקודמת,90.7666941467436,current_feature,income
"current_feature__income__הכנסה ממוצעת לחודש של העצמאים (ש""ח",90.7666941467436,current_feature,income
"current_feature__income__מדד אי-השוויון שכירים (מדד ג'יני, 0 שוויון מלא",90.7666941467436,current_feature,income
current_feature__income__מספר העצמאים,90.7666941467436,current_feature,income
current_feature__income__מספר השכירים,90.7666941467436,current_feature,income
current_feature__income_standard__gini_wage,90.7666941467436,current_feature,
current_feature__income_standard__income_earner_count,90.7666941467436,current_feature,
current_feature__income_standard__pct_below_minimum_wage,90.7666941467436,current_feature,
current_feature__income_standard__pct_below_minimum_wage_direct,90.7666941467436,current_feature,
delta_feature__income__אחוז העצמאים המשתכרים עד מחצית השכר הממוצע,90.7666941467436,delta_feature,income
delta_feature__income__אחוז השכירים המשתכרים עד שכר מינימום,90.7666941467436,delta_feature,income
delta_feature__income__אחוז שינוי ריאלי לעומת השנה הקודמת של שכר ממוצע לחודש של שכירים גברים,90.7666941467436,delta_feature,income
delta_feature__income__אחוז שינוי ריאלי לעומת השנה הקודמת של שכר ממוצע לחודש של שכירים כלל השכירים,90.7666941467436,delta_feature,income
delta_feature__income__אחוז שינוי ריאלי לעומת השנה הקודמת של שכר ממוצע לחודש של שכירים נשים,90.7666941467436,delta_feature,income
delta_feature__income__אחוז שינוי ריאלי של הכנסה ממוצעת לחודש של העצמאים לעומת השנה הקודמת,90.7666941467436,delta_feature,income
"delta_feature__income__הכנסה ממוצעת לחודש של העצמאים (ש""ח",90.7666941467436,delta_feature,income
"delta_feature__income__מדד אי-השוויון שכירים (מדד ג'יני, 0 שוויון מלא",90.7666941467436,delta_feature,income
delta_feature__income__מספר העצמאים,90.7666941467436,delta_feature,income
delta_feature__income__מספר השכירים,90.7666941467436,delta_feature,income
delta_feature__income_standard__gini_wage,90.7666941467436,delta_feature,
delta_feature__income_standard__income_earner_count,90.7666941467436,delta_feature,
delta_feature__income_standard__pct_below_minimum_wage,90.7666941467436,delta_feature,
delta_feature__income_standard__pct_below_minimum_wage_direct,90.7666941467436,delta_feature,
delta_feature__demographic__נכנסים מיישובים אחרים גיל 65 ומעלה,90.80791426215994,delta_feature,demographic
previous_feature__demographic__אחוז עולים בהשתקעות ראשונה בני 17-0,90.84913437757626,previous_feature,demographic
previous_feature__demographic__השתקעות ראשונה של עולים,91.0964550700742,previous_feature,demographic
delta_feature__demographic__אחוז עולים בהשתקעות ראשונה בני 17-0,91.26133553173949,delta_feature,demographic
delta_feature__demographic__השתקעות ראשונה של עולים,91.4674361088211,delta_feature,demographic
current_feature__demographic__סך כל הישראלים,92.08573784006595,current_feature,demographic
delta_feature__demographic__סך כל הישראלים,92.08573784006595,delta_feature,demographic
previous_feature__demographic__דרוזים (אחוזים מתוך האוכלוסייה הערבית,92.66281945589448,previous_feature,demographic
current_feature__demographic__ערבים (אחוזים מתוך כלל אוכלוסיית הישראלים,92.7040395713108,current_feature,demographic
delta_feature__demographic__ערבים (אחוזים מתוך כלל אוכלוסיית הישראלים,92.7040395713108,delta_feature,demographic
current_feature__demographic__נוצרים (אחוזים מתוך האוכלוסייה הערבית,93.48722176422093,current_feature,demographic
delta_feature__demographic__נוצרים (אחוזים מתוך האוכלוסייה הערבית,93.52844187963726,delta_feature,demographic
current_feature__demographic__דרוזים (אחוזים מתוך האוכלוסייה הערבית,95.13602638087386,current_feature,demographic
delta_feature__demographic__דרוזים (אחוזים מתוך האוכלוסייה הערבית,95.30090684253916,delta_feature,demographic
current_feature__demographic__אוכלוסיית דיור משותף (אחוז מתוך אוכלוסיית הרשות) סך דיירי דיור משותף ברשות,95.96042868920033,current_feature,demographic
current_feature__demographic__אוכלוסיית דיור משותף (אחוז מתוך אוכלוסיית הרשות) סך מוסדות דיור משותף ברשות,95.96042868920033,current_feature,demographic
current_feature__demographic__ערבים (אחוזים,96.24896949711459,current_feature,demographic
current_feature__demographic__אוכלוסיית דיור משותף (אחוז מתוך אוכלוסיית הרשות) אחוז דיירים במוסדות אשפוז כולל הוסטלים,97.07337180544106,current_feature,demographic
current_feature__demographic__אוכלוסיית דיור משותף (אחוז מתוך אוכלוסיית הרשות) אחוז דיירים במוסדות אחרים,97.23825226710635,current_feature,demographic
current_feature__demographic__אוכלוסיית דיור משותף (אחוז מתוך אוכלוסיית הרשות) אחוז דיירים בבתי אבות ובדיור מוגן,97.40313272877164,current_feature,demographic
current_feature__demographic__אוכלוסיית דיור משותף (אחוז מתוך אוכלוסיית הרשות) אחוז דיירים במוסדות דת,97.44435284418796,current_feature,demographic
current_feature__demographic__אוכלוסיית דיור משותף (אחוז מתוך אוכלוסיית הרשות) אחוז דיירים במוסדות חינוך,97.65045342126957,current_feature,demographic
"previous_feature__demographic__שיעור פטירות תינוקות ל-1,000 לידות חי",98.0214344600165,previous_feature,demographic
"current_feature__demographic__שיעור פטירות תינוקות ל-1,000 לידות חי",98.0626545754328,current_feature,demographic
"delta_feature__demographic__שיעור פטירות תינוקות ל-1,000 לידות חי",98.18631492168178,delta_feature,demographic
"previous_feature__welfare__מקבלי הכשרה מקצועית
סה""כ",99.17559769167353,previous_feature,welfare
"current_feature__welfare__מקבלי הכשרה מקצועית
סה""כ",99.38169826875514,current_feature,welfare
"delta_feature__welfare__מקבלי הכשרה מקצועית
סה""כ",99.42291838417148,delta_feature,welfare
current_feature__demographic__יהודים ואחרים (אחוזים,100.0,current_feature,demographic
current_feature__income__בעלי הכנסה משכר ועסקית מספר,100.0,current_feature,income
current_feature__income__בעלי הכנסה משכר ועסקית שכר ממוצע,100.0,current_feature,income
current_feature__income__בעלי הכנסה משכר מספר,100.0,current_feature,income
current_feature__income__בעלי הכנסה משכר שכר ממוצע,100.0,current_feature,income
current_feature__income__בעלי הכנסה עסקית מספר,100.0,current_feature,income
current_feature__income__בעלי הכנסה עסקית שכר ממוצע,100.0,current_feature,income
current_feature__income__גברים מספר בעלי הכנסה,100.0,current_feature,income
current_feature__income__גברים שכר ממוצע,100.0,current_feature,income
current_feature__income__כלל בעלי הכנסה מספר,100.0,current_feature,income
current_feature__income__כלל בעלי הכנסה שכר ממוצע,100.0,current_feature,income
current_feature__income__נשים מספר בעלי הכנסה,100.0,current_feature,income
current_feature__income__נשים שכר ממוצע,100.0,current_feature,income
current_feature__income__שכירים השתכרים מתחת לשכר המינימום מספר,100.0,current_feature,income
current_feature__income_standard__below_minimum_wage_count,100.0,current_feature,
delta_feature__demographic__אוכלוסיית דיור משותף (אחוז מתוך אוכלוסיית הרשות) אחוז דיירים בבתי אבות ובדיור מוגן,100.0,delta_feature,demographic
delta_feature__demographic__אוכלוסיית דיור משותף (אחוז מתוך אוכלוסיית הרשות) אחוז דיירים במוסדות אחרים,100.0,delta_feature,demographic
delta_feature__demographic__אוכלוסיית דיור משותף (אחוז מתוך אוכלוסיית הרשות) אחוז דיירים במוסדות אשפוז כולל הוסטלים,100.0,delta_feature,demographic
delta_feature__demographic__אוכלוסיית דיור משותף (אחוז מתוך אוכלוסיית הרשות) אחוז דיירים במוסדות דת,100.0,delta_feature,demographic
delta_feature__demographic__אוכלוסיית דיור משותף (אחוז מתוך אוכלוסיית הרשות) אחוז דיירים במוסדות חינוך,100.0,delta_feature,demographic
delta_feature__demographic__אוכלוסיית דיור משותף (אחוז מתוך אוכלוסיית הרשות) סך דיירי דיור משותף ברשות,100.0,delta_feature,demographic
delta_feature__demographic__אוכלוסיית דיור משותף (אחוז מתוך אוכלוסיית הרשות) סך מוסדות דיור משותף ברשות,100.0,delta_feature,demographic
delta_feature__demographic__יהודים ואחרים (אחוזים,100.0,delta_feature,demographic
delta_feature__demographic__ערבים (אחוזים,100.0,delta_feature,demographic
delta_feature__income__בעלי הכנסה משכר ועסקית מספר,100.0,delta_feature,income
delta_feature__income__בעלי הכנסה משכר ועסקית שכר ממוצע,100.0,delta_feature,income
delta_feature__income__בעלי הכנסה משכר מספר,100.0,delta_feature,income
delta_feature__income__בעלי הכנסה משכר שכר ממוצע,100.0,delta_feature,income
delta_feature__income__בעלי הכנסה עסקית מספר,100.0,delta_feature,income
delta_feature__income__בעלי הכנסה עסקית שכר ממוצע,100.0,delta_feature,income
delta_feature__income__גברים מספר בעלי הכנסה,100.0,delta_feature,income
delta_feature__income__גברים שכר ממוצע,100.0,delta_feature,income
delta_feature__income__כלל בעלי הכנסה מספר,100.0,delta_feature,income
delta_feature__income__כלל בעלי הכנסה שכר ממוצע,100.0,delta_feature,income
delta_feature__income__נשים מספר בעלי הכנסה,100.0,delta_feature,income
delta_feature__income__נשים שכר ממוצע,100.0,delta_feature,income
delta_feature__income__שכירים השתכרים מתחת לשכר המינימום מספר,100.0,delta_feature,income
delta_feature__income_standard__below_minimum_wage_count,100.0,delta_feature,
previous_feature__demographic__אוכלוסיית דיור משותף (אחוז מתוך אוכלוסיית הרשות) אחוז דיירים בבתי אבות ובדיור מוגן,100.0,previous_feature,demographic
previous_feature__demographic__אוכלוסיית דיור משותף (אחוז מתוך אוכלוסיית הרשות) אחוז דיירים במוסדות אחרים,100.0,previous_feature,demographic
previous_feature__demographic__אוכלוסיית דיור משותף (אחוז מתוך אוכלוסיית הרשות) אחוז דיירים במוסדות אשפוז כולל הוסטלים,100.0,previous_feature,demographic
previous_feature__demographic__אוכלוסיית דיור משותף (אחוז מתוך אוכלוסיית הרשות) אחוז דיירים במוסדות דת,100.0,previous_feature,demographic
previous_feature__demographic__אוכלוסיית דיור משותף (אחוז מתוך אוכלוסיית הרשות) אחוז דיירים במוסדות חינוך,100.0,previous_feature,demographic
previous_feature__demographic__אוכלוסיית דיור משותף (אחוז מתוך אוכלוסיית הרשות) סך דיירי דיור משותף ברשות,100.0,previous_feature,demographic
previous_feature__demographic__אוכלוסיית דיור משותף (אחוז מתוך אוכלוסיית הרשות) סך מוסדות דיור משותף ברשות,100.0,previous_feature,demographic
previous_feature__demographic__יהודים ואחרים (אחוזים,100.0,previous_feature,demographic
previous_feature__demographic__ערבים (אחוזים,100.0,previous_feature,demographic
previous_feature__income__בעלי הכנסה משכר ועסקית מספר,100.0,previous_feature,income
previous_feature__income__בעלי הכנסה משכר ועסקית שכר ממוצע,100.0,previous_feature,income
previous_feature__income__בעלי הכנסה משכר מספר,100.0,previous_feature,income
previous_feature__income__בעלי הכנסה משכר שכר ממוצע,100.0,previous_feature,income
previous_feature__income__בעלי הכנסה עסקית מספר,100.0,previous_feature,income
previous_feature__income__בעלי הכנסה עסקית שכר ממוצע,100.0,previous_feature,income
previous_feature__income__גברים מספר בעלי הכנסה,100.0,previous_feature,income
previous_feature__income__גברים שכר ממוצע,100.0,previous_feature,income
previous_feature__income__כלל בעלי הכנסה מספר,100.0,previous_feature,income
previous_feature__income__כלל בעלי הכנסה שכר ממוצע,100.0,previous_feature,income
previous_feature__income__נשים מספר בעלי הכנסה,100.0,previous_feature,income
previous_feature__income__נשים שכר ממוצע,100.0,previous_feature,income
previous_feature__income__שכירים השתכרים מתחת לשכר המינימום מספר,100.0,previous_feature,income
previous_feature__income_standard__below_minimum_wage_count,100.0,previous_feature,
